source_cif_no,contact_id,counterparty_name,bank,account_number,account_masked,aliases,label,verified,frequent
10000000,c_10000000,Nguyễn Thị Lan,Vietcombank,970418375723,*723,mẹ|me|má|mom,Mẹ,True,True
10000001,c_10000001,Nguyễn Văn Minh,MB Bank,970447735777,*777,minh|anh minh,Bạn,True,True
10000002,c_10000002,Trần Hoàng Minh,Techcombank,970401326658,*658,minh|hoàng minh,Đồng nghiệp,True,False
10000003,c_10000003,Trần Quốc Hùng,ACB,970408702972,*972,hùng,,False,False
10000004,c_10000004,Lê Thị Thảo,Techcombank,970422766584,*584,thảo|em thảo,Bạn,True,False
10000005,c_10000005,Nguyễn Văn An,VPBank,970434906786,*786,,,True,False
10000006,c_10000006,Nguyễn Văn Anh,MB Bank,970467067881,*881,,,True,True
10000007,c_10000007,Nguyễn Văn Bảo,Techcombank,970482486602,*602,,,True,False
10000008,c_10000008,Nguyễn Văn Bình,BIDV,970452845624,*624,,,True,False
10000009,c_10000009,Nguyễn Văn Châu,ACB,970486284023,*023,,,True,False
10000010,c_10000010,Nguyễn Văn Chi,MB Bank,970452677561,*561,,,True,True
10000011,c_10000011,Nguyễn Văn Cường,HDBank,970440687469,*469,,,True,False
10000012,c_10000012,Nguyễn Văn Dũng,Techcombank,970416177452,*452,,,True,False
10000013,c_10000013,Nguyễn Văn Duy,HDBank,970479441299,*299,,,True,False
10000014,c_10000014,Nguyễn Văn Giang,Vietcombank,970456205450,*450,,,False,False
10000015,c_10000015,Nguyễn Văn Hà,VietinBank,970441967035,*035,,,False,True
10000016,c_10000016,Nguyễn Văn Hạnh,BIDV,970400060064,*064,,,True,False
10000017,c_10000017,Nguyễn Văn Hiếu,ACB,970468782573,*573,,,True,False
10000018,c_10000018,Nguyễn Văn Hoa,Vietcombank,970469641190,*190,,,False,False
10000019,c_10000019,Nguyễn Văn Huy,Vietcombank,970431312470,*470,,,False,True
10000020,c_10000020,Nguyễn Văn Hương,BIDV,970403707214,*214,,,True,False
10000021,c_10000021,Nguyễn Văn Khang,BIDV,970495714504,*504,,,True,False
10000022,c_10000022,Nguyễn Văn Khôi,VietinBank,970465602985,*985,,,False,False
10000023,c_10000023,Nguyễn Văn Lan,Techcombank,970478561442,*442,,,True,False
10000024,c_10000024,Nguyễn Văn Linh,BIDV,970492213034,*034,,,True,False
10000025,c_10000025,Nguyễn Văn Long,HDBank,970424022699,*699,,,True,False
10000026,c_10000026,Nguyễn Văn Mai,Techcombank,970420918692,*692,,,True,False
10000027,c_10000027,Nguyễn Văn My,VPBank,970461362416,*416,,,True,False
10000028,c_10000028,Nguyễn Văn Nam,TPBank,970464493517,*517,,,True,False
10000029,c_10000029,Nguyễn Văn Nga,Vietcombank,970424407080,*080,,,False,False
10000030,c_10000030,Nguyễn Văn Ngân,HDBank,970425290279,*279,,,True,False
10000031,c_10000031,Nguyễn Văn Nhung,VPBank,970451815826,*826,,,True,False
10000032,c_10000032,Nguyễn Văn Phúc,TPBank,970421775947,*947,,,True,False
10000033,c_10000033,Nguyễn Văn Phương,Techcombank,970444357242,*242,,,True,False
10000034,c_10000034,Nguyễn Văn Quân,Techcombank,970493308202,*202,,,True,False
10000035,c_10000035,Nguyễn Văn Quang,Techcombank,970486865962,*962,,,True,False
10000036,c_10000036,Nguyễn Văn Sơn,ACB,970498705183,*183,,,True,True
10000037,c_10000037,Nguyễn Văn Tâm,BIDV,970487481084,*084,,,True,False
10000038,c_10000038,Nguyễn Văn Thảo,MB Bank,970497847291,*291,,,True,False
10000039,c_10000039,Nguyễn Văn Trang,HDBank,970496796269,*269,,,True,False
10000040,c_10000040,Nguyễn Văn Trinh,HDBank,970440640069,*069,,,True,False
10000041,c_10000041,Nguyễn Văn Trung,Sacombank,970430567408,*408,,,True,True
10000042,c_10000042,Nguyễn Văn Tú,ACB,970427730183,*183,,,True,False
10000043,c_10000043,Nguyễn Văn Tuấn,HDBank,970430760229,*229,,,True,False
10000044,c_10000044,Nguyễn Văn Vy,MB Bank,970402332101,*101,,,True,False
10000045,c_10000045,Nguyễn Văn Yến,Techcombank,970480761742,*742,,,True,False
10000046,c_10000046,Nguyễn Thị An,Sacombank,970458167858,*858,,,True,True
10000047,c_10000047,Nguyễn Thị Anh,MB Bank,970419213231,*231,,,True,True
10000048,c_10000048,Nguyễn Thị Bảo,VietinBank,970405183885,*885,,,False,True
10000049,c_10000049,Nguyễn Thị Bình,ACB,970485780893,*893,,,True,False
10000050,c_10000050,Nguyễn Thị Châu,VietinBank,970495324925,*925,,,False,False
10000051,c_10000051,Nguyễn Thị Chi,Vietcombank,970469679460,*460,,,False,False
10000052,c_10000052,Nguyễn Thị Cường,BIDV,970475544444,*444,,,True,False
10000053,c_10000053,Nguyễn Thị Dũng,Techcombank,970407200262,*262,,,True,False
10000054,c_10000054,Nguyễn Thị Duy,BIDV,970454397644,*644,,,True,False
10000055,c_10000055,Nguyễn Thị Giang,TPBank,970403170377,*377,,,True,False
10000056,c_10000056,Nguyễn Thị Hà,BIDV,970464721084,*084,,,True,False
10000057,c_10000057,Nguyễn Thị Hạnh,HDBank,970450577969,*969,,,True,False
10000058,c_10000058,Nguyễn Thị Hiếu,MB Bank,970401462641,*641,,,True,False
10000059,c_10000059,Nguyễn Thị Hoa,Techcombank,970418413832,*832,,,True,False
10000060,c_10000060,Nguyễn Thị Huy,HDBank,970428148199,*199,,,True,False
10000061,c_10000061,Nguyễn Thị Hương,TPBank,970476820137,*137,,,True,False
10000062,c_10000062,Nguyễn Thị Khang,VietinBank,970415783645,*645,,,False,True
10000063,c_10000063,Nguyễn Thị Khôi,TPBank,970401465227,*227,,,True,False
10000064,c_10000064,Nguyễn Thị Linh,Vietcombank,970425097360,*360,,,False,True
10000065,c_10000065,Nguyễn Thị Long,ACB,970473857803,*803,,,True,False
10000066,c_10000066,Nguyễn Thị Mai,VietinBank,970422808075,*075,,,False,False
10000067,c_10000067,Nguyễn Thị Minh,VietinBank,970483650435,*435,,,False,False
10000068,c_10000068,Nguyễn Thị My,ACB,970451517833,*833,,,True,False
10000069,c_10000069,Nguyễn Thị Nam,VietinBank,970427515265,*265,,,False,True
10000070,c_10000070,Nguyễn Thị Nga,BIDV,970456769864,*864,,,True,False
10000071,c_10000071,Nguyễn Thị Ngân,BIDV,970416681414,*414,,,True,True
10000072,c_10000072,Nguyễn Thị Nhung,VietinBank,970483283215,*215,,,False,True
10000073,c_10000073,Nguyễn Thị Phúc,VietinBank,970403507685,*685,,,False,False
10000074,c_10000074,Nguyễn Thị Phương,MB Bank,970441389171,*171,,,True,False
10000075,c_10000075,Nguyễn Thị Quân,ACB,970469678543,*543,,,True,False
10000076,c_10000076,Nguyễn Thị Quang,Sacombank,970448388878,*878,,,True,False
10000077,c_10000077,Nguyễn Thị Sơn,MB Bank,970471775891,*891,,,True,True
10000078,c_10000078,Nguyễn Thị Tâm,Sacombank,970445853948,*948,,,True,True
10000079,c_10000079,Nguyễn Thị Thảo,MB Bank,970408731181,*181,,,True,False
10000080,c_10000080,Nguyễn Thị Trang,Techcombank,970433228362,*362,,,True,True
10000081,c_10000081,Nguyễn Thị Trinh,HDBank,970417250799,*799,,,True,False
10000082,c_10000082,Nguyễn Thị Trung,HDBank,970437444889,*889,,,True,True
10000083,c_10000083,Nguyễn Thị Tú,BIDV,970404891394,*394,,,True,False
10000084,c_10000084,Nguyễn Thị Tuấn,ACB,970456368743,*743,,,True,False
10000085,c_10000085,Nguyễn Thị Vy,MB Bank,970492406461,*461,,,True,True
10000086,c_10000086,Nguyễn Thị Yến,TPBank,970464132197,*197,,,True,False
10000087,c_10000087,Nguyễn Minh An,BIDV,970493338884,*884,,,True,False
10000088,c_10000088,Nguyễn Minh Anh,Vietcombank,970472918250,*250,,,False,False
10000089,c_10000089,Nguyễn Minh Bảo,VietinBank,970440054085,*085,,,False,True
10000090,c_10000090,Nguyễn Minh Bình,Vietcombank,970442694870,*870,,,False,False
10000091,c_10000091,Nguyễn Minh Châu,VietinBank,970436085455,*455,,,False,True
10000092,c_10000092,Nguyễn Minh Chi,Sacombank,970491694658,*658,,,True,False
10000093,c_10000093,Nguyễn Minh Cường,Sacombank,970462158608,*608,,,True,False
10000094,c_10000094,Nguyễn Minh Dũng,ACB,970491715943,*943,,,True,False
10000095,c_10000095,Nguyễn Minh Duy,Sacombank,970438031828,*828,,,True,False
10000096,c_10000096,Nguyễn Minh Giang,VPBank,970447018606,*606,,,True,False
10000097,c_10000097,Nguyễn Minh Hà,MB Bank,970467094231,*231,,,True,False
10000098,c_10000098,Nguyễn Minh Hạnh,MB Bank,970435414011,*011,,,True,False
10000099,c_10000099,Nguyễn Minh Hiếu,VPBank,970499736866,*866,,,True,False
10000100,c_10000100,Nguyễn Minh Hoa,Sacombank,970403689708,*708,,,True,False
10000101,c_10000101,Nguyễn Minh Huy,BIDV,970492175854,*854,,,True,False
10000102,c_10000102,Nguyễn Minh Hương,HDBank,970436760759,*759,,,True,False
10000103,c_10000103,Nguyễn Minh Khang,BIDV,970464799594,*594,,,True,False
10000104,c_10000104,Nguyễn Minh Khôi,ACB,970481622203,*203,,,True,False
10000105,c_10000105,Nguyễn Minh Lan,VietinBank,970462982055,*055,,,False,False
10000106,c_10000106,Nguyễn Minh Linh,MB Bank,970446421851,*851,,,True,True
10000107,c_10000107,Nguyễn Minh Long,Techcombank,970424081042,*042,,,True,False
10000108,c_10000108,Nguyễn Minh Mai,TPBank,970444217347,*347,,,True,False
10000109,c_10000109,Nguyễn Minh Minh,Techcombank,970494760962,*962,,,True,False
10000110,c_10000110,Nguyễn Minh My,Vietcombank,970494155030,*030,,,False,False
10000111,c_10000111,Nguyễn Minh Nam,VietinBank,970415485935,*935,,,False,False
10000112,c_10000112,Nguyễn Minh Nga,Sacombank,970411929338,*338,,,True,False
10000113,c_10000113,Nguyễn Minh Ngân,VPBank,970460047216,*216,,,True,True
10000114,c_10000114,Nguyễn Minh Nhung,TPBank,970430341617,*617,,,True,False
10000115,c_10000115,Nguyễn Minh Phúc,Sacombank,970464149048,*048,,,True,False
10000116,c_10000116,Nguyễn Minh Phương,VietinBank,970471978705,*705,,,False,True
10000117,c_10000117,Nguyễn Minh Quân,TPBank,970419622077,*077,,,True,False
10000118,c_10000118,Nguyễn Minh Quang,MB Bank,970407894531,*531,,,True,False
10000119,c_10000119,Nguyễn Minh Sơn,BIDV,970488870764,*764,,,True,False
10000120,c_10000120,Nguyễn Minh Tâm,BIDV,970446133424,*424,,,True,False
10000121,c_10000121,Nguyễn Minh Thảo,BIDV,970480303624,*624,,,True,False
10000122,c_10000122,Nguyễn Minh Trang,TPBank,970439613467,*467,,,True,True
10000123,c_10000123,Nguyễn Minh Trinh,Vietcombank,970406794680,*680,,,False,False
10000124,c_10000124,Nguyễn Minh Trung,VietinBank,970477616705,*705,,,False,False
10000125,c_10000125,Nguyễn Minh Tú,Sacombank,970480284948,*948,,,True,True
10000126,c_10000126,Nguyễn Minh Tuấn,HDBank,970441414829,*829,,,True,True
10000127,c_10000127,Nguyễn Minh Vy,ACB,970452919523,*523,,,True,False
10000128,c_10000128,Nguyễn Minh Yến,VietinBank,970455432475,*475,,,False,False
10000129,c_10000129,Nguyễn Hoàng An,VPBank,970473540626,*626,,,True,False
10000130,c_10000130,Nguyễn Hoàng Anh,VPBank,970476324126,*126,,,True,False
10000131,c_10000131,Nguyễn Hoàng Bảo,ACB,970443569833,*833,,,True,False
10000132,c_10000132,Nguyễn Hoàng Bình,Techcombank,970493853922,*922,,,True,False
10000133,c_10000133,Nguyễn Hoàng Châu,BIDV,970438955864,*864,,,True,True
10000134,c_10000134,Nguyễn Hoàng Chi,TPBank,970432800287,*287,,,True,False
10000135,c_10000135,Nguyễn Hoàng Cường,TPBank,970420518787,*787,,,True,False
10000136,c_10000136,Nguyễn Hoàng Dũng,MB Bank,970443229941,*941,,,True,False
10000137,c_10000137,Nguyễn Hoàng Duy,ACB,970468186653,*653,,,True,True
10000138,c_10000138,Nguyễn Hoàng Giang,Vietcombank,970405491480,*480,,,False,False
10000139,c_10000139,Nguyễn Hoàng Hà,ACB,970444755463,*463,,,True,False
10000140,c_10000140,Nguyễn Hoàng Hạnh,VietinBank,970401513475,*475,,,False,True
10000141,c_10000141,Nguyễn Hoàng Hiếu,VPBank,970409634466,*466,,,True,False
10000142,c_10000142,Nguyễn Hoàng Hoa,TPBank,970492710297,*297,,,True,False
10000143,c_10000143,Nguyễn Hoàng Huy,MB Bank,970446767781,*781,,,True,True
10000144,c_10000144,Nguyễn Hoàng Hương,VPBank,970404619186,*186,,,True,False
10000145,c_10000145,Nguyễn Hoàng Khang,VPBank,970423535806,*806,,,True,False
10000146,c_10000146,Nguyễn Hoàng Khôi,HDBank,970440117009,*009,,,True,False
10000147,c_10000147,Nguyễn Hoàng Lan,BIDV,970447624244,*244,,,True,False
10000148,c_10000148,Nguyễn Hoàng Linh,Techcombank,970418231772,*772,,,True,True
10000149,c_10000149,Nguyễn Hoàng Long,HDBank,970458243989,*989,,,True,False
10000150,c_10000150,Nguyễn Hoàng Mai,ACB,970424494763,*763,,,True,False
10000151,c_10000151,Nguyễn Hoàng Minh,TPBank,970430288627,*627,,,True,False
10000152,c_10000152,Nguyễn Hoàng My,HDBank,970406046359,*359,,,True,True
10000153,c_10000153,Nguyễn Hoàng Nam,BIDV,970410595644,*644,,,True,False
10000154,c_10000154,Nguyễn Hoàng Nga,Sacombank,970414306908,*908,,,True,False
10000155,c_10000155,Nguyễn Hoàng Ngân,MB Bank,970486409811,*811,,,True,False
10000156,c_10000156,Nguyễn Hoàng Nhung,TPBank,970481676067,*067,,,True,False
10000157,c_10000157,Nguyễn Hoàng Phúc,TPBank,970411485937,*937,,,True,False
10000158,c_10000158,Nguyễn Hoàng Phương,Sacombank,970430935338,*338,,,True,False
10000159,c_10000159,Nguyễn Hoàng Quân,VietinBank,970488001885,*885,,,False,False
10000160,c_10000160,Nguyễn Hoàng Quang,HDBank,970445375999,*999,,,True,False
10000161,c_10000161,Nguyễn Hoàng Sơn,MB Bank,970484337011,*011,,,True,False
10000162,c_10000162,Nguyễn Hoàng Tâm,VietinBank,970456778995,*995,,,False,True
10000163,c_10000163,Nguyễn Hoàng Thảo,HDBank,970466186949,*949,,,True,False
10000164,c_10000164,Nguyễn Hoàng Trang,MB Bank,970482657611,*611,,,True,False
10000165,c_10000165,Nguyễn Hoàng Trinh,ACB,970491674723,*723,,,True,False
10000166,c_10000166,Nguyễn Hoàng Trung,Sacombank,970462480558,*558,,,True,False
10000167,c_10000167,Nguyễn Hoàng Tú,Techcombank,970489599372,*372,,,True,False
10000168,c_10000168,Nguyễn Hoàng Tuấn,VietinBank,970407749345,*345,,,False,False
10000169,c_10000169,Nguyễn Hoàng Vy,ACB,970442548403,*403,,,True,False
10000170,c_10000170,Nguyễn Hoàng Yến,VPBank,970493673656,*656,,,True,False
10000171,c_10000171,Nguyễn Ngọc An,VietinBank,970437134425,*425,,,False,False
10000172,c_10000172,Nguyễn Ngọc Anh,VietinBank,970480989415,*415,,,False,False
10000173,c_10000173,Nguyễn Ngọc Bảo,VPBank,970496285926,*926,,,True,False
10000174,c_10000174,Nguyễn Ngọc Bình,Vietcombank,970453624600,*600,,,False,False
10000175,c_10000175,Nguyễn Ngọc Châu,Vietcombank,970492911060,*060,,,False,False
10000176,c_10000176,Nguyễn Ngọc Chi,VPBank,970425230566,*566,,,True,False
10000177,c_10000177,Nguyễn Ngọc Cường,Sacombank,970492100848,*848,,,True,False
10000178,c_10000178,Nguyễn Ngọc Dũng,TPBank,970457789917,*917,,,True,False
10000179,c_10000179,Nguyễn Ngọc Duy,ACB,970401022143,*143,,,True,False
10000180,c_10000180,Nguyễn Ngọc Giang,Sacombank,970451137468,*468,,,True,False
10000181,c_10000181,Nguyễn Ngọc Hà,VPBank,970404208386,*386,,,True,False
10000182,c_10000182,Nguyễn Ngọc Hạnh,Vietcombank,970484750450,*450,,,False,False
10000183,c_10000183,Nguyễn Ngọc Hiếu,TPBank,970445232197,*197,,,True,True
10000184,c_10000184,Nguyễn Ngọc Hoa,Vietcombank,970400162760,*760,,,False,False
10000185,c_10000185,Nguyễn Ngọc Huy,Techcombank,970470548442,*442,,,True,False
10000186,c_10000186,Nguyễn Ngọc Hương,ACB,970448168003,*003,,,True,False
10000187,c_10000187,Nguyễn Ngọc Khang,Techcombank,970484646012,*012,,,True,False
10000188,c_10000188,Nguyễn Ngọc Khôi,Vietcombank,970459949180,*180,,,False,True
10000189,c_10000189,Nguyễn Ngọc Lan,Sacombank,970401983508,*508,,,True,True
10000190,c_10000190,Nguyễn Ngọc Linh,ACB,970467869543,*543,,,True,False
10000191,c_10000191,Nguyễn Ngọc Long,Techcombank,970441376442,*442,,,True,False
10000192,c_10000192,Nguyễn Ngọc Mai,TPBank,970472320547,*547,,,True,False
10000193,c_10000193,Nguyễn Ngọc Minh,HDBank,970435127009,*009,,,True,False
10000194,c_10000194,Nguyễn Ngọc My,TPBank,970481720737,*737,,,True,False
10000195,c_10000195,Nguyễn Ngọc Nam,Sacombank,970452705898,*898,,,True,False
10000196,c_10000196,Nguyễn Ngọc Nga,Vietcombank,970463816180,*180,,,False,False
10000197,c_10000197,Nguyễn Ngọc Ngân,HDBank,970428517589,*589,,,True,True
10000198,c_10000198,Nguyễn Ngọc Nhung,Sacombank,970436320438,*438,,,True,False
10000199,c_10000199,Nguyễn Ngọc Phúc,BIDV,970461379324,*324,,,True,False
10000200,c_10000200,Nguyễn Ngọc Phương,Sacombank,970488666188,*188,,,True,False
10000201,c_10000201,Nguyễn Ngọc Quân,ACB,970494827183,*183,,,True,False
10000202,c_10000202,Nguyễn Ngọc Quang,ACB,970441842713,*713,,,True,False
10000203,c_10000203,Nguyễn Ngọc Sơn,VietinBank,970489653855,*855,,,False,False
10000204,c_10000204,Nguyễn Ngọc Tâm,TPBank,970485360347,*347,,,True,True
10000205,c_10000205,Nguyễn Ngọc Thảo,Techcombank,970445048362,*362,,,True,False
10000206,c_10000206,Nguyễn Ngọc Trang,MB Bank,970455207201,*201,,,True,False
10000207,c_10000207,Nguyễn Ngọc Trinh,VPBank,970425340716,*716,,,True,False
10000208,c_10000208,Nguyễn Ngọc Trung,VPBank,970476575086,*086,,,True,False
10000209,c_10000209,Nguyễn Ngọc Tú,ACB,970485071313,*313,,,True,False
10000210,c_10000210,Nguyễn Ngọc Tuấn,Sacombank,970407210208,*208,,,True,False
10000211,c_10000211,Nguyễn Ngọc Vy,VietinBank,970483060855,*855,,,False,False
10000212,c_10000212,Nguyễn Ngọc Yến,BIDV,970420361154,*154,,,True,False
10000213,c_10000213,Nguyễn Thanh An,ACB,970469863783,*783,,,True,False
10000214,c_10000214,Nguyễn Thanh Anh,VPBank,970490441316,*316,,,True,False
10000215,c_10000215,Nguyễn Thanh Bảo,HDBank,970466599689,*689,,,True,False
10000216,c_10000216,Nguyễn Thanh Bình,Sacombank,970426790458,*458,,,True,True
10000217,c_10000217,Nguyễn Thanh Châu,ACB,970409319143,*143,,,True,False
10000218,c_10000218,Nguyễn Thanh Chi,TPBank,970401208047,*047,,,True,False
10000219,c_10000219,Nguyễn Thanh Cường,Techcombank,970440921112,*112,,,True,False
10000220,c_10000220,Nguyễn Thanh Dũng,HDBank,970412669329,*329,,,True,False
10000221,c_10000221,Nguyễn Thanh Duy,ACB,970405515013,*013,,,True,False
10000222,c_10000222,Nguyễn Thanh Giang,Vietcombank,970492051790,*790,,,False,False
10000223,c_10000223,Nguyễn Thanh Hà,Sacombank,970442001688,*688,,,True,False
10000224,c_10000224,Nguyễn Thanh Hạnh,Vietcombank,970432881980,*980,,,False,False
10000225,c_10000225,Nguyễn Thanh Hiếu,Vietcombank,970466832880,*880,,,False,False
10000226,c_10000226,Nguyễn Thanh Hoa,MB Bank,970402914741,*741,,,True,False
10000227,c_10000227,Nguyễn Thanh Huy,Sacombank,970410184858,*858,,,True,False
10000228,c_10000228,Nguyễn Thanh Hương,HDBank,970495551619,*619,,,True,False
10000229,c_10000229,Nguyễn Thanh Khang,TPBank,970460724337,*337,,,True,True
10000230,c_10000230,Nguyễn Thanh Khôi,VPBank,970477439456,*456,,,True,True
10000231,c_10000231,Nguyễn Thanh Lan,BIDV,970492747554,*554,,,True,False
10000232,c_10000232,Nguyễn Thanh Linh,VietinBank,970410603365,*365,,,False,True
10000233,c_10000233,Nguyễn Thanh Long,HDBank,970413220999,*999,,,True,False
10000234,c_10000234,Nguyễn Thanh Mai,Sacombank,970477024868,*868,,,True,True
10000235,c_10000235,Nguyễn Thanh Minh,VietinBank,970458971815,*815,,,False,False
10000236,c_10000236,Nguyễn Thanh My,VietinBank,970477331795,*795,,,False,False
10000237,c_10000237,Nguyễn Thanh Nam,TPBank,970478518677,*677,,,True,False
10000238,c_10000238,Nguyễn Thanh Nga,BIDV,970473702604,*604,,,True,False
10000239,c_10000239,Nguyễn Thanh Ngân,MB Bank,970428669571,*571,,,True,False
10000240,c_10000240,Nguyễn Thanh Nhung,Vietcombank,970492266550,*550,,,False,False
10000241,c_10000241,Nguyễn Thanh Phúc,Vietcombank,970446926330,*330,,,False,False
10000242,c_10000242,Nguyễn Thanh Phương,Techcombank,970475078922,*922,,,True,False
10000243,c_10000243,Nguyễn Thanh Quân,TPBank,970439825917,*917,,,True,False
10000244,c_10000244,Nguyễn Thanh Quang,Techcombank,970461401052,*052,,,True,True
10000245,c_10000245,Nguyễn Thanh Sơn,BIDV,970433307594,*594,,,True,False
10000246,c_10000246,Nguyễn Thanh Tâm,Sacombank,970459642668,*668,,,True,True
10000247,c_10000247,Nguyễn Thanh Thảo,VietinBank,970412857705,*705,,,False,False
10000248,c_10000248,Nguyễn Thanh Trang,Techcombank,970441604442,*442,,,True,False
10000249,c_10000249,Nguyễn Thanh Trinh,VPBank,970432427076,*076,,,True,True
10000250,c_10000250,Nguyễn Thanh Trung,Vietcombank,970480202450,*450,,,False,False
10000251,c_10000251,Nguyễn Thanh Tú,ACB,970430865543,*543,,,True,False
10000252,c_10000252,Nguyễn Thanh Tuấn,BIDV,970497046774,*774,,,True,False
10000253,c_10000253,Nguyễn Thanh Vy,VietinBank,970466901275,*275,,,False,False
10000254,c_10000254,Nguyễn Thanh Yến,VietinBank,970497705645,*645,,,False,False
10000255,c_10000255,Nguyễn Quang An,MB Bank,970475235591,*591,,,True,True
10000256,c_10000256,Nguyễn Quang Anh,ACB,970428881493,*493,,,True,False
10000257,c_10000257,Nguyễn Quang Bảo,MB Bank,970438484621,*621,,,True,False
10000258,c_10000258,Nguyễn Quang Bình,Techcombank,970496814822,*822,,,True,True
10000259,c_10000259,Nguyễn Quang Châu,HDBank,970401729879,*879,,,True,False
10000260,c_10000260,Nguyễn Quang Chi,Sacombank,970479543198,*198,,,True,True
10000261,c_10000261,Nguyễn Quang Cường,Techcombank,970492285042,*042,,,True,True
10000262,c_10000262,Nguyễn Quang Dũng,Vietcombank,970471142590,*590,,,False,False
10000263,c_10000263,Nguyễn Quang Duy,Sacombank,970402291338,*338,,,True,False
10000264,c_10000264,Nguyễn Quang Giang,MB Bank,970465362911,*911,,,True,False
10000265,c_10000265,Nguyễn Quang Hà,Techcombank,970430711982,*982,,,True,False
10000266,c_10000266,Nguyễn Quang Hạnh,VPBank,970458331486,*486,,,True,False
10000267,c_10000267,Nguyễn Quang Hiếu,BIDV,970404739684,*684,,,True,False
10000268,c_10000268,Nguyễn Quang Hoa,VietinBank,970430892175,*175,,,False,True
10000269,c_10000269,Nguyễn Quang Huy,TPBank,970492740857,*857,,,True,False
10000270,c_10000270,Nguyễn Quang Hương,VietinBank,970403886905,*905,,,False,False
10000271,c_10000271,Nguyễn Quang Khang,Techcombank,970406351872,*872,,,True,False
10000272,c_10000272,Nguyễn Quang Khôi,MB Bank,970446895171,*171,,,True,False
10000273,c_10000273,Nguyễn Quang Lan,TPBank,970462238087,*087,,,True,False
10000274,c_10000274,Nguyễn Quang Linh,VPBank,970484474956,*956,,,True,False
10000275,c_10000275,Nguyễn Quang Long,VietinBank,970473033765,*765,,,False,False
10000276,c_10000276,Nguyễn Quang Mai,VietinBank,970473799375,*375,,,False,False
10000277,c_10000277,Nguyễn Quang Minh,ACB,970401106163,*163,,,True,True
10000278,c_10000278,Nguyễn Quang My,MB Bank,970486519211,*211,,,True,False
10000279,c_10000279,Nguyễn Quang Nam,Sacombank,970407812298,*298,,,True,False
10000280,c_10000280,Nguyễn Quang Nga,VietinBank,970418558615,*615,,,False,False
10000281,c_10000281,Nguyễn Quang Ngân,MB Bank,970478239291,*291,,,True,False
10000282,c_10000282,Nguyễn Quang Nhung,Techcombank,970433503252,*252,,,True,False
10000283,c_10000283,Nguyễn Quang Phúc,HDBank,970472291419,*419,,,True,False
10000284,c_10000284,Nguyễn Quang Phương,TPBank,970442818737,*737,,,True,False
10000285,c_10000285,Nguyễn Quang Quân,TPBank,970473026677,*677,,,True,False
10000286,c_10000286,Nguyễn Quang Quang,Techcombank,970451595772,*772,,,True,False
10000287,c_10000287,Nguyễn Quang Sơn,ACB,970436462473,*473,,,True,False
10000288,c_10000288,Nguyễn Quang Tâm,BIDV,970437732774,*774,,,True,True
10000289,c_10000289,Nguyễn Quang Thảo,TPBank,970475824817,*817,,,True,False
10000290,c_10000290,Nguyễn Quang Trang,MB Bank,970458044981,*981,,,True,False
10000291,c_10000291,Nguyễn Quang Trinh,Vietcombank,970453466220,*220,,,False,True
10000292,c_10000292,Nguyễn Quang Trung,VPBank,970484573596,*596,,,True,False
10000293,c_10000293,Nguyễn Quang Tú,VietinBank,970456379875,*875,,,False,True
10000294,c_10000294,Nguyễn Quang Tuấn,BIDV,970468732284,*284,,,True,False
10000295,c_10000295,Nguyễn Quang Vy,TPBank,970427017727,*727,,,True,False
10000296,c_10000296,Nguyễn Quang Yến,Techcombank,970467122812,*812,,,True,False
10000297,c_10000297,Nguyễn Gia An,BIDV,970493755904,*904,,,True,False
10000298,c_10000298,Nguyễn Gia Anh,ACB,970419125143,*143,,,True,True
10000299,c_10000299,Nguyễn Gia Bảo,MB Bank,970427583031,*031,,,True,False
10000300,c_10000300,Nguyễn Gia Bình,VPBank,970490298586,*586,,,True,False
10000301,c_10000301,Nguyễn Gia Châu,Vietcombank,970448917810,*810,,,False,False
10000302,c_10000302,Nguyễn Gia Chi,HDBank,970468369379,*379,,,True,False
10000303,c_10000303,Nguyễn Gia Cường,MB Bank,970496241711,*711,,,True,False
10000304,c_10000304,Nguyễn Gia Dũng,ACB,970477790743,*743,,,True,True
10000305,c_10000305,Nguyễn Gia Duy,MB Bank,970461469531,*531,,,True,False
10000306,c_10000306,Nguyễn Gia Giang,BIDV,970402513734,*734,,,True,False
10000307,c_10000307,Nguyễn Gia Hà,ACB,970437533313,*313,,,True,False
10000308,c_10000308,Nguyễn Gia Hạnh,VietinBank,970432918785,*785,,,False,False
10000309,c_10000309,Nguyễn Gia Hiếu,TPBank,970404926157,*157,,,True,False
10000310,c_10000310,Nguyễn Gia Hoa,TPBank,970422906157,*157,,,True,False
10000311,c_10000311,Nguyễn Gia Huy,VietinBank,970400346225,*225,,,False,False
10000312,c_10000312,Nguyễn Gia Hương,Sacombank,970460677408,*408,,,True,False
10000313,c_10000313,Nguyễn Gia Khang,TPBank,970472795477,*477,,,True,False
10000314,c_10000314,Nguyễn Gia Khôi,VPBank,970475674026,*026,,,True,False
10000315,c_10000315,Nguyễn Gia Lan,ACB,970464554853,*853,,,True,False
10000316,c_10000316,Nguyễn Gia Linh,TPBank,970414448647,*647,,,True,False
10000317,c_10000317,Nguyễn Gia Long,TPBank,970479848007,*007,,,True,True
10000318,c_10000318,Nguyễn Gia Mai,HDBank,970483713549,*549,,,True,False
10000319,c_10000319,Nguyễn Gia Minh,VPBank,970458018676,*676,,,True,True
10000320,c_10000320,Nguyễn Gia My,Techcombank,970430145922,*922,,,True,False
10000321,c_10000321,Nguyễn Gia Nam,ACB,970489380273,*273,,,True,False
10000322,c_10000322,Nguyễn Gia Nga,Techcombank,970426170182,*182,,,True,False
10000323,c_10000323,Nguyễn Gia Ngân,BIDV,970416431294,*294,,,True,False
10000324,c_10000324,Nguyễn Gia Nhung,Sacombank,970468042298,*298,,,True,False
10000325,c_10000325,Nguyễn Gia Phúc,BIDV,970439301924,*924,,,True,False
10000326,c_10000326,Nguyễn Gia Phương,TPBank,970455926297,*297,,,True,True
10000327,c_10000327,Nguyễn Gia Quân,TPBank,970428625757,*757,,,True,True
10000328,c_10000328,Nguyễn Gia Quang,MB Bank,970406554501,*501,,,True,True
10000329,c_10000329,Nguyễn Gia Sơn,Sacombank,970489672848,*848,,,True,False
10000330,c_10000330,Nguyễn Gia Tâm,TPBank,970423281907,*907,,,True,False
10000331,c_10000331,Nguyễn Gia Thảo,VietinBank,970440075625,*625,,,False,False
10000332,c_10000332,Nguyễn Gia Trang,ACB,970465053683,*683,,,True,False
10000333,c_10000333,Nguyễn Gia Trinh,MB Bank,970488213781,*781,,,True,False
10000334,c_10000334,Nguyễn Gia Trung,VietinBank,970476804225,*225,,,False,False
10000335,c_10000335,Nguyễn Gia Tú,Vietcombank,970484659540,*540,,,False,False
10000336,c_10000336,Nguyễn Gia Tuấn,ACB,970493678743,*743,,,True,False
10000337,c_10000337,Nguyễn Gia Vy,Techcombank,970428917302,*302,,,True,False
10000338,c_10000338,Nguyễn Gia Yến,HDBank,970411504589,*589,,,True,False
10000339,c_10000339,Nguyễn Đức An,Vietcombank,970443491080,*080,,,False,False
10000340,c_10000340,Nguyễn Đức Anh,Techcombank,970489439342,*342,,,True,True
10000341,c_10000341,Nguyễn Đức Bảo,TPBank,970498724427,*427,,,True,False
10000342,c_10000342,Nguyễn Đức Bình,MB Bank,970468947841,*841,,,True,True
10000343,c_10000343,Nguyễn Đức Châu,VPBank,970459451976,*976,,,True,True
10000344,c_10000344,Nguyễn Đức Chi,Vietcombank,970461192550,*550,,,False,True
10000345,c_10000345,Nguyễn Đức Cường,VietinBank,970472538025,*025,,,False,True
10000346,c_10000346,Nguyễn Đức Dũng,HDBank,970433674489,*489,,,True,False
10000347,c_10000347,Nguyễn Đức Duy,Sacombank,970427095188,*188,,,True,False
10000348,c_10000348,Nguyễn Đức Giang,MB Bank,970429005481,*481,,,True,False
10000349,c_10000349,Nguyễn Đức Hà,ACB,970433746203,*203,,,True,False
10000350,c_10000350,Nguyễn Đức Hạnh,TPBank,970447114097,*097,,,True,True
10000351,c_10000351,Nguyễn Đức Hiếu,MB Bank,970478604811,*811,,,True,True
10000352,c_10000352,Nguyễn Đức Hoa,VPBank,970427820986,*986,,,True,False
10000353,c_10000353,Nguyễn Đức Huy,Techcombank,970460644392,*392,,,True,False
10000354,c_10000354,Nguyễn Đức Hương,Vietcombank,970404889040,*040,,,False,False
10000355,c_10000355,Nguyễn Đức Khang,VPBank,970421283966,*966,,,True,True
10000356,c_10000356,Nguyễn Đức Khôi,VietinBank,970427549845,*845,,,False,False
10000357,c_10000357,Nguyễn Đức Lan,BIDV,970456795174,*174,,,True,False
10000358,c_10000358,Nguyễn Đức Linh,Techcombank,970452912432,*432,,,True,False
10000359,c_10000359,Nguyễn Đức Long,Techcombank,970417515142,*142,,,True,False
10000360,c_10000360,Nguyễn Đức Mai,MB Bank,970492178461,*461,,,True,False
10000361,c_10000361,Nguyễn Đức Minh,MB Bank,970435534611,*611,,,True,False
10000362,c_10000362,Nguyễn Đức My,Vietcombank,970477714360,*360,,,False,False
10000363,c_10000363,Nguyễn Đức Nam,MB Bank,970455294641,*641,,,True,False
10000364,c_10000364,Nguyễn Đức Nga,VietinBank,970479156225,*225,,,False,False
10000365,c_10000365,Nguyễn Đức Ngân,VPBank,970447881076,*076,,,True,False
10000366,c_10000366,Nguyễn Đức Nhung,MB Bank,970447360311,*311,,,True,False
10000367,c_10000367,Nguyễn Đức Phúc,Techcombank,970477844372,*372,,,True,False
10000368,c_10000368,Nguyễn Đức Phương,Sacombank,970466387818,*818,,,True,False
10000369,c_10000369,Nguyễn Đức Quân,HDBank,970495842039,*039,,,True,False
10000370,c_10000370,Nguyễn Đức Quang,HDBank,970461910019,*019,,,True,False
10000371,c_10000371,Nguyễn Đức Sơn,ACB,970468112993,*993,,,True,False
10000372,c_10000372,Nguyễn Đức Tâm,Vietcombank,970418899920,*920,,,False,False
10000373,c_10000373,Nguyễn Đức Thảo,Techcombank,970481806572,*572,,,True,False
10000374,c_10000374,Nguyễn Đức Trang,Vietcombank,970496337560,*560,,,False,False
10000375,c_10000375,Nguyễn Đức Trinh,Techcombank,970495918902,*902,,,True,False
10000376,c_10000376,Nguyễn Đức Trung,HDBank,970491636469,*469,,,True,False
10000377,c_10000377,Nguyễn Đức Tú,BIDV,970451301404,*404,,,True,False
10000378,c_10000378,Nguyễn Đức Tuấn,Vietcombank,970435990530,*530,,,False,False
10000379,c_10000379,Nguyễn Đức Vy,ACB,970431347013,*013,,,True,True
10000380,c_10000380,Nguyễn Đức Yến,TPBank,970421912927,*927,,,True,False
10000381,c_10000381,Nguyễn Hải An,VPBank,970485668076,*076,,,True,False
10000382,c_10000382,Nguyễn Hải Anh,VietinBank,970415048235,*235,,,False,False
10000383,c_10000383,Nguyễn Hải Bảo,Techcombank,970498234482,*482,,,True,True
10000384,c_10000384,Nguyễn Hải Bình,Sacombank,970495646198,*198,,,True,False
10000385,c_10000385,Nguyễn Hải Châu,HDBank,970453863999,*999,,,True,True
10000386,c_10000386,Nguyễn Hải Chi,Techcombank,970451867472,*472,,,True,False
10000387,c_10000387,Nguyễn Hải Cường,HDBank,970459727069,*069,,,True,False
10000388,c_10000388,Nguyễn Hải Dũng,Techcombank,970452669052,*052,,,True,False
10000389,c_10000389,Nguyễn Hải Duy,HDBank,970401496849,*849,,,True,False
10000390,c_10000390,Nguyễn Hải Giang,Sacombank,970434074568,*568,,,True,False
10000391,c_10000391,Nguyễn Hải Hà,VPBank,970493276866,*866,,,True,False
10000392,c_10000392,Nguyễn Hải Hạnh,TPBank,970483536707,*707,,,True,False
10000393,c_10000393,Nguyễn Hải Hiếu,VietinBank,970458049915,*915,,,False,False
10000394,c_10000394,Nguyễn Hải Hoa,Sacombank,970447109268,*268,,,True,False
10000395,c_10000395,Nguyễn Hải Huy,MB Bank,970472548051,*051,,,True,False
10000396,c_10000396,Nguyễn Hải Hương,VietinBank,970481451825,*825,,,False,False
10000397,c_10000397,Nguyễn Hải Khang,ACB,970460891073,*073,,,True,False
10000398,c_10000398,Nguyễn Hải Khôi,Techcombank,970427843552,*552,,,True,False
10000399,c_10000399,Nguyễn Hải Lan,Sacombank,970474098378,*378,,,True,False
10000400,c_10000400,Nguyễn Hải Linh,Sacombank,970497832238,*238,,,True,True
10000401,c_10000401,Nguyễn Hải Long,Vietcombank,970409287690,*690,,,False,False
10000402,c_10000402,Nguyễn Hải Mai,ACB,970451020213,*213,,,True,False
10000403,c_10000403,Nguyễn Hải Minh,Sacombank,970435781288,*288,,,True,False
10000404,c_10000404,Nguyễn Hải My,MB Bank,970466542291,*291,,,True,False
10000405,c_10000405,Nguyễn Hải Nam,HDBank,970407389319,*319,,,True,True
10000406,c_10000406,Nguyễn Hải Nga,VPBank,970442125646,*646,,,True,True
10000407,c_10000407,Nguyễn Hải Ngân,VietinBank,970468872505,*505,,,False,False
10000408,c_10000408,Nguyễn Hải Nhung,VPBank,970447499776,*776,,,True,True
10000409,c_10000409,Nguyễn Hải Phúc,TPBank,970427441967,*967,,,True,True
10000410,c_10000410,Nguyễn Hải Phương,BIDV,970473555894,*894,,,True,False
10000411,c_10000411,Nguyễn Hải Quân,MB Bank,970432186171,*171,,,True,True
10000412,c_10000412,Nguyễn Hải Quang,BIDV,970402048024,*024,,,True,False
10000413,c_10000413,Nguyễn Hải Sơn,VPBank,970471083096,*096,,,True,False
10000414,c_10000414,Nguyễn Hải Tâm,Sacombank,970407767358,*358,,,True,False
10000415,c_10000415,Nguyễn Hải Thảo,Techcombank,970474804972,*972,,,True,False
10000416,c_10000416,Nguyễn Hải Trang,ACB,970408296713,*713,,,True,False
10000417,c_10000417,Nguyễn Hải Trinh,BIDV,970427608964,*964,,,True,False
10000418,c_10000418,Nguyễn Hải Trung,VPBank,970462335626,*626,,,True,False
10000419,c_10000419,Nguyễn Hải Tú,VPBank,970404802666,*666,,,True,True
10000420,c_10000420,Nguyễn Hải Tuấn,Techcombank,970444022352,*352,,,True,False
10000421,c_10000421,Nguyễn Hải Vy,Vietcombank,970404633120,*120,,,False,False
10000422,c_10000422,Nguyễn Hải Yến,BIDV,970483956544,*544,,,True,False
10000423,c_10000423,Nguyễn Thu An,VietinBank,970426934445,*445,,,False,False
10000424,c_10000424,Nguyễn Thu Anh,VietinBank,970427791855,*855,,,False,False
10000425,c_10000425,Nguyễn Thu Bảo,HDBank,970405398119,*119,,,True,False
10000426,c_10000426,Nguyễn Thu Bình,HDBank,970447050059,*059,,,True,False
10000427,c_10000427,Nguyễn Thu Châu,Vietcombank,970473662430,*430,,,False,False
10000428,c_10000428,Nguyễn Thu Chi,Techcombank,970499945892,*892,,,True,False
10000429,c_10000429,Nguyễn Thu Cường,Techcombank,970420191582,*582,,,True,False
10000430,c_10000430,Nguyễn Thu Dũng,TPBank,970456483717,*717,,,True,False
10000431,c_10000431,Nguyễn Thu Duy,Techcombank,970469250122,*122,,,True,False
10000432,c_10000432,Nguyễn Thu Giang,MB Bank,970440731501,*501,,,True,False
10000433,c_10000433,Nguyễn Thu Hà,VPBank,970441485876,*876,,,True,False
10000434,c_10000434,Nguyễn Thu Hạnh,ACB,970429945533,*533,,,True,False
10000435,c_10000435,Nguyễn Thu Hiếu,VPBank,970493972406,*406,,,True,False
10000436,c_10000436,Nguyễn Thu Hoa,TPBank,970469408767,*767,,,True,False
10000437,c_10000437,Nguyễn Thu Huy,VPBank,970454507076,*076,,,True,False
10000438,c_10000438,Nguyễn Thu Hương,VietinBank,970470446155,*155,,,False,False
10000439,c_10000439,Nguyễn Thu Khang,VPBank,970409303516,*516,,,True,False
10000440,c_10000440,Nguyễn Thu Khôi,Vietcombank,970451182990,*990,,,False,False
10000441,c_10000441,Nguyễn Thu Lan,ACB,970401000703,*703,,,True,True
10000442,c_10000442,Nguyễn Thu Linh,VietinBank,970495756625,*625,,,False,True
10000443,c_10000443,Nguyễn Thu Long,VietinBank,970491352675,*675,,,False,True
10000444,c_10000444,Nguyễn Thu Mai,Sacombank,970412848758,*758,,,True,True
10000445,c_10000445,Nguyễn Thu Minh,Techcombank,970454412732,*732,,,True,False
10000446,c_10000446,Nguyễn Thu My,VPBank,970400524286,*286,,,True,False
10000447,c_10000447,Nguyễn Thu Nam,MB Bank,970433883001,*001,,,True,False
10000448,c_10000448,Nguyễn Thu Nga,TPBank,970490764667,*667,,,True,False
10000449,c_10000449,Nguyễn Thu Ngân,VPBank,970448917416,*416,,,True,True
10000450,c_10000450,Nguyễn Thu Nhung,Techcombank,970407669632,*632,,,True,True
10000451,c_10000451,Nguyễn Thu Phúc,Techcombank,970463049632,*632,,,True,False
10000452,c_10000452,Nguyễn Thu Phương,Techcombank,970431159182,*182,,,True,False
10000453,c_10000453,Nguyễn Thu Quân,VPBank,970435943036,*036,,,True,False
10000454,c_10000454,Nguyễn Thu Quang,HDBank,970430814989,*989,,,True,False
10000455,c_10000455,Nguyễn Thu Sơn,TPBank,970426825907,*907,,,True,False
10000456,c_10000456,Nguyễn Thu Tâm,Sacombank,970496320368,*368,,,True,False
10000457,c_10000457,Nguyễn Thu Thảo,BIDV,970483161144,*144,,,True,False
10000458,c_10000458,Nguyễn Thu Trang,BIDV,970492587764,*764,,,True,False
10000459,c_10000459,Nguyễn Thu Trinh,Sacombank,970441561868,*868,,,True,False
10000460,c_10000460,Nguyễn Thu Trung,BIDV,970467102054,*054,,,True,True
10000461,c_10000461,Nguyễn Thu Tú,VPBank,970403191636,*636,,,True,False
10000462,c_10000462,Nguyễn Thu Tuấn,ACB,970421830293,*293,,,True,False
10000463,c_10000463,Nguyễn Thu Vy,ACB,970480940673,*673,,,True,False
10000464,c_10000464,Nguyễn Thu Yến,ACB,970428814563,*563,,,True,False
10000465,c_10000465,Nguyễn Anh An,VPBank,970474791976,*976,,,True,True
10000466,c_10000466,Nguyễn Anh Anh,Sacombank,970434175228,*228,,,True,False
10000467,c_10000467,Nguyễn Anh Bảo,BIDV,970468609284,*284,,,True,False
10000468,c_10000468,Nguyễn Anh Bình,Sacombank,970413345528,*528,,,True,False
10000469,c_10000469,Nguyễn Anh Châu,MB Bank,970486711681,*681,,,True,False
10000470,c_10000470,Nguyễn Anh Chi,HDBank,970453001949,*949,,,True,False
10000471,c_10000471,Nguyễn Anh Cường,Vietcombank,970480353100,*100,,,False,False
10000472,c_10000472,Nguyễn Anh Dũng,MB Bank,970479829621,*621,,,True,True
10000473,c_10000473,Nguyễn Anh Duy,ACB,970411279983,*983,,,True,False
10000474,c_10000474,Nguyễn Anh Giang,ACB,970467358023,*023,,,True,False
10000475,c_10000475,Nguyễn Anh Hà,Sacombank,970424422278,*278,,,True,False
10000476,c_10000476,Nguyễn Anh Hạnh,ACB,970431363833,*833,,,True,False
10000477,c_10000477,Nguyễn Anh Hiếu,TPBank,970474464247,*247,,,True,False
10000478,c_10000478,Nguyễn Anh Hoa,ACB,970468318913,*913,,,True,False
10000479,c_10000479,Nguyễn Anh Huy,Vietcombank,970457045900,*900,,,False,True
10000480,c_10000480,Nguyễn Anh Hương,HDBank,970474943459,*459,,,True,False
10000481,c_10000481,Nguyễn Anh Khang,BIDV,970478929264,*264,,,True,True
10000482,c_10000482,Nguyễn Anh Khôi,MB Bank,970433644581,*581,,,True,False
10000483,c_10000483,Nguyễn Anh Lan,Sacombank,970426833998,*998,,,True,False
10000484,c_10000484,Nguyễn Anh Linh,HDBank,970433221249,*249,,,True,False
10000485,c_10000485,Nguyễn Anh Long,BIDV,970498011114,*114,,,True,False
10000486,c_10000486,Nguyễn Anh Mai,BIDV,970488879534,*534,,,True,False
10000487,c_10000487,Nguyễn Anh Minh,VPBank,970483596876,*876,,,True,False
10000488,c_10000488,Nguyễn Anh My,TPBank,970432037467,*467,,,True,False
10000489,c_10000489,Nguyễn Anh Nam,MB Bank,970418908441,*441,,,True,False
10000490,c_10000490,Nguyễn Anh Nga,Sacombank,970443468798,*798,,,True,True
10000491,c_10000491,Nguyễn Anh Ngân,Techcombank,970481387152,*152,,,True,False
10000492,c_10000492,Nguyễn Anh Nhung,VPBank,970457432506,*506,,,True,False
10000493,c_10000493,Nguyễn Anh Phúc,Sacombank,970428316118,*118,,,True,False
10000494,c_10000494,Nguyễn Anh Phương,HDBank,970419919599,*599,,,True,False
10000495,c_10000495,Nguyễn Anh Quân,VPBank,970435220346,*346,,,True,False
10000496,c_10000496,Nguyễn Anh Quang,Techcombank,970471358802,*802,,,True,False
10000497,c_10000497,Nguyễn Anh Sơn,BIDV,970415275584,*584,,,True,False
10000498,c_10000498,Nguyễn Anh Tâm,MB Bank,970410282811,*811,,,True,False
10000499,c_10000499,Nguyễn Anh Thảo,BIDV,970477528234,*234,,,True,False
10000500,c_10000500,Nguyễn Anh Trang,VietinBank,970418734235,*235,,,False,False
10000501,c_10000501,Nguyễn Anh Trinh,TPBank,970460308027,*027,,,True,False
10000502,c_10000502,Nguyễn Anh Trung,Techcombank,970475674842,*842,,,True,True
10000503,c_10000503,Nguyễn Anh Tú,VPBank,970467295166,*166,,,True,True
10000504,c_10000504,Nguyễn Anh Tuấn,VietinBank,970479319465,*465,,,False,False
10000505,c_10000505,Nguyễn Anh Vy,VPBank,970443214446,*446,,,True,False
10000506,c_10000506,Nguyễn Anh Yến,HDBank,970458644229,*229,,,True,False
10000507,c_10000507,Nguyễn Khánh An,VietinBank,970497520065,*065,,,False,False
10000508,c_10000508,Nguyễn Khánh Anh,TPBank,970476596757,*757,,,True,False
10000509,c_10000509,Nguyễn Khánh Bảo,ACB,970459532083,*083,,,True,False
10000510,c_10000510,Nguyễn Khánh Bình,TPBank,970431871647,*647,,,True,False
10000511,c_10000511,Nguyễn Khánh Châu,ACB,970459007653,*653,,,True,False
10000512,c_10000512,Nguyễn Khánh Chi,Sacombank,970488402898,*898,,,True,False
10000513,c_10000513,Nguyễn Khánh Cường,ACB,970493560233,*233,,,True,False
10000514,c_10000514,Nguyễn Khánh Dũng,MB Bank,970482110891,*891,,,True,False
10000515,c_10000515,Nguyễn Khánh Duy,VPBank,970423469806,*806,,,True,True
10000516,c_10000516,Nguyễn Khánh Giang,HDBank,970404986609,*609,,,True,True
10000517,c_10000517,Nguyễn Khánh Hà,VPBank,970445104886,*886,,,True,False
10000518,c_10000518,Nguyễn Khánh Hạnh,Vietcombank,970458023060,*060,,,False,False
10000519,c_10000519,Nguyễn Khánh Hiếu,Vietcombank,970447993480,*480,,,False,False
10000520,c_10000520,Nguyễn Khánh Hoa,VPBank,970494939786,*786,,,True,False
10000521,c_10000521,Nguyễn Khánh Huy,Techcombank,970435119732,*732,,,True,False
10000522,c_10000522,Nguyễn Khánh Hương,Vietcombank,970431454870,*870,,,False,True
10000523,c_10000523,Nguyễn Khánh Khang,ACB,970482237393,*393,,,True,False
10000524,c_10000524,Nguyễn Khánh Khôi,Vietcombank,970416424770,*770,,,False,True
10000525,c_10000525,Nguyễn Khánh Lan,TPBank,970494563507,*507,,,True,False
10000526,c_10000526,Nguyễn Khánh Linh,VietinBank,970430791265,*265,,,False,False
10000527,c_10000527,Nguyễn Khánh Long,BIDV,970473547794,*794,,,True,True
10000528,c_10000528,Nguyễn Khánh Mai,VPBank,970432163646,*646,,,True,False
10000529,c_10000529,Nguyễn Khánh Minh,ACB,970408539023,*023,,,True,True
10000530,c_10000530,Nguyễn Khánh My,TPBank,970404451847,*847,,,True,True
10000531,c_10000531,Nguyễn Khánh Nam,TPBank,970465339147,*147,,,True,False
10000532,c_10000532,Nguyễn Khánh Nga,VPBank,970404198486,*486,,,True,False
10000533,c_10000533,Nguyễn Khánh Ngân,VPBank,970464918446,*446,,,True,True
10000534,c_10000534,Nguyễn Khánh Nhung,VietinBank,970415978065,*065,,,False,True
10000535,c_10000535,Nguyễn Khánh Phúc,ACB,970412323583,*583,,,True,False
10000536,c_10000536,Nguyễn Khánh Phương,Vietcombank,970432984650,*650,,,False,True
10000537,c_10000537,Nguyễn Khánh Quân,ACB,970448488733,*733,,,True,False
10000538,c_10000538,Nguyễn Khánh Quang,BIDV,970445213394,*394,,,True,False
10000539,c_10000539,Nguyễn Khánh Sơn,ACB,970456589563,*563,,,True,False
10000540,c_10000540,Nguyễn Khánh Tâm,HDBank,970452842619,*619,,,True,False
10000541,c_10000541,Nguyễn Khánh Thảo,ACB,970462694443,*443,,,True,True
10000542,c_10000542,Nguyễn Khánh Trang,Vietcombank,970430708820,*820,,,False,True
10000543,c_10000543,Nguyễn Khánh Trinh,VPBank,970476055766,*766,,,True,False
10000544,c_10000544,Nguyễn Khánh Trung,VPBank,970460531376,*376,,,True,False
10000545,c_10000545,Nguyễn Khánh Tú,ACB,970443987363,*363,,,True,False
10000546,c_10000546,Nguyễn Khánh Tuấn,VietinBank,970482657165,*165,,,False,True
10000547,c_10000547,Nguyễn Khánh Vy,Techcombank,970413430902,*902,,,True,False
10000548,c_10000548,Nguyễn Khánh Yến,BIDV,970477596044,*044,,,True,True
10000549,c_10000549,Nguyễn Phương An,Sacombank,970410306208,*208,,,True,False
10000550,c_10000550,Nguyễn Phương Anh,BIDV,970465659204,*204,,,True,False
10000551,c_10000551,Nguyễn Phương Bảo,VietinBank,970402048095,*095,,,False,False
10000552,c_10000552,Nguyễn Phương Bình,BIDV,970493358064,*064,,,True,True
10000553,c_10000553,Nguyễn Phương Châu,ACB,970439498793,*793,,,True,False
10000554,c_10000554,Nguyễn Phương Chi,Sacombank,970460144078,*078,,,True,True
10000555,c_10000555,Nguyễn Phương Cường,Vietcombank,970431639340,*340,,,False,False
10000556,c_10000556,Nguyễn Phương Dũng,TPBank,970493337877,*877,,,True,False
10000557,c_10000557,Nguyễn Phương Duy,VPBank,970445039066,*066,,,True,False
10000558,c_10000558,Nguyễn Phương Giang,ACB,970426075773,*773,,,True,True
10000559,c_10000559,Nguyễn Phương Hà,Sacombank,970483053588,*588,,,True,True
10000560,c_10000560,Nguyễn Phương Hạnh,Techcombank,970480008652,*652,,,True,False
10000561,c_10000561,Nguyễn Phương Hiếu,ACB,970404791993,*993,,,True,False
10000562,c_10000562,Nguyễn Phương Hoa,TPBank,970410009827,*827,,,True,False
10000563,c_10000563,Nguyễn Phương Huy,HDBank,970453722459,*459,,,True,False
10000564,c_10000564,Nguyễn Phương Hương,MB Bank,970403634191,*191,,,True,False
10000565,c_10000565,Nguyễn Phương Khang,VPBank,970449514506,*506,,,True,False
10000566,c_10000566,Nguyễn Phương Khôi,MB Bank,970460771091,*091,,,True,False
10000567,c_10000567,Nguyễn Phương Lan,BIDV,970422922644,*644,,,True,False
10000568,c_10000568,Nguyễn Phương Linh,Techcombank,970481518592,*592,,,True,False
10000569,c_10000569,Nguyễn Phương Long,MB Bank,970470906131,*131,,,True,False
10000570,c_10000570,Nguyễn Phương Mai,BIDV,970467948744,*744,,,True,False
10000571,c_10000571,Nguyễn Phương Minh,Sacombank,970442358868,*868,,,True,False
10000572,c_10000572,Nguyễn Phương My,TPBank,970432447647,*647,,,True,False
10000573,c_10000573,Nguyễn Phương Nam,Sacombank,970493091918,*918,,,True,False
10000574,c_10000574,Nguyễn Phương Nga,VPBank,970474070706,*706,,,True,False
10000575,c_10000575,Nguyễn Phương Ngân,VietinBank,970412674555,*555,,,False,False
10000576,c_10000576,Nguyễn Phương Nhung,BIDV,970467247624,*624,,,True,False
10000577,c_10000577,Nguyễn Phương Phúc,MB Bank,970447181291,*291,,,True,False
10000578,c_10000578,Nguyễn Phương Phương,ACB,970412761123,*123,,,True,False
10000579,c_10000579,Nguyễn Phương Quân,HDBank,970446178539,*539,,,True,True
10000580,c_10000580,Nguyễn Phương Quang,VPBank,970469128066,*066,,,True,False
10000581,c_10000581,Nguyễn Phương Sơn,HDBank,970477680649,*649,,,True,True
10000582,c_10000582,Nguyễn Phương Tâm,HDBank,970494797649,*649,,,True,False
10000583,c_10000583,Nguyễn Phương Thảo,MB Bank,970421327501,*501,,,True,False
10000584,c_10000584,Nguyễn Phương Trang,ACB,970426119293,*293,,,True,False
10000585,c_10000585,Nguyễn Phương Trinh,VPBank,970467832546,*546,,,True,False
10000586,c_10000586,Nguyễn Phương Trung,VPBank,970430140056,*056,,,True,False
10000587,c_10000587,Nguyễn Phương Tú,TPBank,970403936647,*647,,,True,False
10000588,c_10000588,Nguyễn Phương Tuấn,Sacombank,970421891848,*848,,,True,False
10000589,c_10000589,Nguyễn Phương Vy,Sacombank,970488695678,*678,,,True,False
10000590,c_10000590,Nguyễn Phương Yến,ACB,970407283643,*643,,,True,False
10000591,c_10000591,Nguyễn Tuấn An,Techcombank,970456654982,*982,,,True,False
10000592,c_10000592,Nguyễn Tuấn Anh,MB Bank,970445591901,*901,,,True,False
10000593,c_10000593,Nguyễn Tuấn Bảo,Vietcombank,970428858100,*100,,,False,True
10000594,c_10000594,Nguyễn Tuấn Bình,TPBank,970432734737,*737,,,True,False
10000595,c_10000595,Nguyễn Tuấn Châu,BIDV,970427435864,*864,,,True,True
10000596,c_10000596,Nguyễn Tuấn Chi,Vietcombank,970484624090,*090,,,False,False
10000597,c_10000597,Nguyễn Tuấn Cường,MB Bank,970418660221,*221,,,True,True
10000598,c_10000598,Nguyễn Tuấn Dũng,ACB,970491799913,*913,,,True,False
10000599,c_10000599,Nguyễn Tuấn Duy,Techcombank,970443764702,*702,,,True,False
10000600,c_10000600,Nguyễn Tuấn Giang,BIDV,970402391644,*644,,,True,False
10000601,c_10000601,Nguyễn Tuấn Hà,Techcombank,970457843442,*442,,,True,False
10000602,c_10000602,Nguyễn Tuấn Hạnh,Sacombank,970471070458,*458,,,True,False
10000603,c_10000603,Nguyễn Tuấn Hiếu,Techcombank,970457576542,*542,,,True,False
10000604,c_10000604,Nguyễn Tuấn Hoa,Techcombank,970497607172,*172,,,True,True
10000605,c_10000605,Nguyễn Tuấn Huy,MB Bank,970473367151,*151,,,True,False
10000606,c_10000606,Nguyễn Tuấn Hương,BIDV,970482660894,*894,,,True,True
10000607,c_10000607,Nguyễn Tuấn Khang,Techcombank,970426511162,*162,,,True,False
10000608,c_10000608,Nguyễn Tuấn Khôi,MB Bank,970492784481,*481,,,True,False
10000609,c_10000609,Nguyễn Tuấn Lan,Sacombank,970451913398,*398,,,True,False
10000610,c_10000610,Nguyễn Tuấn Linh,VPBank,970435681466,*466,,,True,False
10000611,c_10000611,Nguyễn Tuấn Long,VietinBank,970493048825,*825,,,False,False
10000612,c_10000612,Nguyễn Tuấn Mai,BIDV,970420307554,*554,,,True,False
10000613,c_10000613,Nguyễn Tuấn Minh,HDBank,970450950929,*929,,,True,False
10000614,c_10000614,Nguyễn Tuấn My,HDBank,970440135459,*459,,,True,False
10000615,c_10000615,Nguyễn Tuấn Nam,BIDV,970408751794,*794,,,True,False
10000616,c_10000616,Nguyễn Tuấn Nga,HDBank,970494592149,*149,,,True,False
10000617,c_10000617,Nguyễn Tuấn Ngân,Vietcombank,970408866820,*820,,,False,False
10000618,c_10000618,Nguyễn Tuấn Nhung,MB Bank,970492528341,*341,,,True,False
10000619,c_10000619,Nguyễn Tuấn Phúc,BIDV,970466187504,*504,,,True,True
10000620,c_10000620,Nguyễn Tuấn Phương,Sacombank,970400258848,*848,,,True,False
10000621,c_10000621,Nguyễn Tuấn Quân,HDBank,970472064549,*549,,,True,False
10000622,c_10000622,Nguyễn Tuấn Quang,HDBank,970469145489,*489,,,True,False
10000623,c_10000623,Nguyễn Tuấn Sơn,VietinBank,970499860135,*135,,,False,False
10000624,c_10000624,Nguyễn Tuấn Tâm,MB Bank,970472935861,*861,,,True,False
10000625,c_10000625,Nguyễn Tuấn Thảo,ACB,970488147373,*373,,,True,False
10000626,c_10000626,Nguyễn Tuấn Trang,HDBank,970466701639,*639,,,True,False
10000627,c_10000627,Nguyễn Tuấn Trinh,HDBank,970459258399,*399,,,True,False
10000628,c_10000628,Nguyễn Tuấn Trung,VietinBank,970486800065,*065,,,False,False
10000629,c_10000629,Nguyễn Tuấn Tú,Vietcombank,970460327930,*930,,,False,False
10000630,c_10000630,Nguyễn Tuấn Tuấn,VPBank,970448853016,*016,,,True,True
10000631,c_10000631,Nguyễn Tuấn Vy,VPBank,970403765216,*216,,,True,True
10000632,c_10000632,Nguyễn Tuấn Yến,ACB,970491786493,*493,,,True,False
10000633,c_10000633,Nguyễn Mai An,MB Bank,970478206591,*591,,,True,False
10000634,c_10000634,Nguyễn Mai Anh,TPBank,970402109057,*057,,,True,False
10000635,c_10000635,Nguyễn Mai Bảo,VPBank,970458040056,*056,,,True,False
10000636,c_10000636,Nguyễn Mai Bình,Techcombank,970401418762,*762,,,True,False
10000637,c_10000637,Nguyễn Mai Châu,VPBank,970487091506,*506,,,True,True
10000638,c_10000638,Nguyễn Mai Chi,Techcombank,970433680562,*562,,,True,False
10000639,c_10000639,Nguyễn Mai Cường,VietinBank,970463189415,*415,,,False,False
10000640,c_10000640,Nguyễn Mai Dũng,Sacombank,970491916428,*428,,,True,True
10000641,c_10000641,Nguyễn Mai Duy,Vietcombank,970416999500,*500,,,False,False
10000642,c_10000642,Nguyễn Mai Giang,Sacombank,970456587958,*958,,,True,False
10000643,c_10000643,Nguyễn Mai Hà,VietinBank,970424337395,*395,,,False,False
10000644,c_10000644,Nguyễn Mai Hạnh,VPBank,970427643676,*676,,,True,False
10000645,c_10000645,Nguyễn Mai Hiếu,VietinBank,970481817975,*975,,,False,False
10000646,c_10000646,Nguyễn Mai Hoa,Techcombank,970447521482,*482,,,True,False
10000647,c_10000647,Nguyễn Mai Huy,MB Bank,970433862091,*091,,,True,True
10000648,c_10000648,Nguyễn Mai Hương,TPBank,970498364747,*747,,,True,False
10000649,c_10000649,Nguyễn Mai Khang,Techcombank,970430005982,*982,,,True,False
10000650,c_10000650,Nguyễn Mai Khôi,VPBank,970476127056,*056,,,True,False
10000651,c_10000651,Nguyễn Mai Lan,Vietcombank,970446551490,*490,,,False,False
10000652,c_10000652,Nguyễn Mai Linh,VPBank,970440583546,*546,,,True,False
10000653,c_10000653,Nguyễn Mai Long,TPBank,970437045997,*997,,,True,False
10000654,c_10000654,Nguyễn Mai Mai,HDBank,970410140289,*289,,,True,False
10000655,c_10000655,Nguyễn Mai Minh,Techcombank,970495547662,*662,,,True,False
10000656,c_10000656,Nguyễn Mai My,Techcombank,970488177362,*362,,,True,False
10000657,c_10000657,Nguyễn Mai Nam,Sacombank,970439246438,*438,,,True,False
10000658,c_10000658,Nguyễn Mai Nga,Techcombank,970493045242,*242,,,True,False
10000659,c_10000659,Nguyễn Mai Ngân,Sacombank,970433829398,*398,,,True,True
10000660,c_10000660,Nguyễn Mai Nhung,BIDV,970431084604,*604,,,True,False
10000661,c_10000661,Nguyễn Mai Phúc,Techcombank,970433923082,*082,,,True,False
10000662,c_10000662,Nguyễn Mai Phương,Techcombank,970497246762,*762,,,True,False
10000663,c_10000663,Nguyễn Mai Quân,HDBank,970450668749,*749,,,True,True
10000664,c_10000664,Nguyễn Mai Quang,HDBank,970467620679,*679,,,True,False
10000665,c_10000665,Nguyễn Mai Sơn,VPBank,970477434846,*846,,,True,False
10000666,c_10000666,Nguyễn Mai Tâm,BIDV,970478743324,*324,,,True,False
10000667,c_10000667,Nguyễn Mai Thảo,BIDV,970471619504,*504,,,True,False
10000668,c_10000668,Nguyễn Mai Trang,TPBank,970452450687,*687,,,True,False
10000669,c_10000669,Nguyễn Mai Trinh,MB Bank,970419069321,*321,,,True,False
10000670,c_10000670,Nguyễn Mai Trung,VietinBank,970416699705,*705,,,False,False
10000671,c_10000671,Nguyễn Mai Tú,BIDV,970433091924,*924,,,True,False
10000672,c_10000672,Nguyễn Mai Tuấn,MB Bank,970408304681,*681,,,True,False
10000673,c_10000673,Nguyễn Mai Vy,TPBank,970432096667,*667,,,True,False
10000674,c_10000674,Nguyễn Mai Yến,Vietcombank,970452305660,*660,,,False,False
10000675,c_10000675,Trần Văn An,VietinBank,970479717895,*895,,,False,False
10000676,c_10000676,Trần Văn Anh,HDBank,970480714099,*099,,,True,False
10000677,c_10000677,Trần Văn Bảo,BIDV,970478487924,*924,,,True,False
10000678,c_10000678,Trần Văn Bình,BIDV,970411391254,*254,,,True,True
10000679,c_10000679,Trần Văn Châu,BIDV,970404824814,*814,,,True,False
10000680,c_10000680,Trần Văn Chi,VietinBank,970464078795,*795,,,False,True
10000681,c_10000681,Trần Văn Cường,HDBank,970449148939,*939,,,True,True
10000682,c_10000682,Trần Văn Dũng,VPBank,970403354166,*166,,,True,False
10000683,c_10000683,Trần Văn Duy,ACB,970451482203,*203,,,True,False
10000684,c_10000684,Trần Văn Giang,HDBank,970429585809,*809,,,True,False
10000685,c_10000685,Trần Văn Hà,VietinBank,970443925445,*445,,,False,False
10000686,c_10000686,Trần Văn Hạnh,ACB,970477144233,*233,,,True,False
10000687,c_10000687,Trần Văn Hiếu,ACB,970459674793,*793,,,True,True
10000688,c_10000688,Trần Văn Hoa,MB Bank,970485030781,*781,,,True,True
10000689,c_10000689,Trần Văn Huy,TPBank,970434485057,*057,,,True,False
10000690,c_10000690,Trần Văn Hương,BIDV,970404772894,*894,,,True,False
10000691,c_10000691,Trần Văn Khang,BIDV,970457907604,*604,,,True,False
10000692,c_10000692,Trần Văn Khôi,Vietcombank,970443440290,*290,,,False,True
10000693,c_10000693,Trần Văn Lan,BIDV,970441380364,*364,,,True,False
10000694,c_10000694,Trần Văn Linh,VietinBank,970450038125,*125,,,False,True
10000695,c_10000695,Trần Văn Long,BIDV,970490681054,*054,,,True,False
10000696,c_10000696,Trần Văn Mai,Vietcombank,970477358820,*820,,,False,False
10000697,c_10000697,Trần Văn Minh,Vietcombank,970462799940,*940,,,False,False
10000698,c_10000698,Trần Văn My,TPBank,970475660397,*397,,,True,False
10000699,c_10000699,Trần Văn Nam,BIDV,970449546244,*244,,,True,False
10000700,c_10000700,Trần Văn Nga,TPBank,970454684047,*047,,,True,False
10000701,c_10000701,Trần Văn Ngân,TPBank,970482495137,*137,,,True,False
10000702,c_10000702,Trần Văn Nhung,TPBank,970417337537,*537,,,True,False
10000703,c_10000703,Trần Văn Phúc,VPBank,970408510456,*456,,,True,False
10000704,c_10000704,Trần Văn Phương,MB Bank,970464211411,*411,,,True,True
10000705,c_10000705,Trần Văn Quân,TPBank,970443524677,*677,,,True,False
10000706,c_10000706,Trần Văn Quang,VPBank,970412529016,*016,,,True,False
10000707,c_10000707,Trần Văn Sơn,Vietcombank,970497916850,*850,,,False,False
10000708,c_10000708,Trần Văn Tâm,BIDV,970489310234,*234,,,True,False
10000709,c_10000709,Trần Văn Thảo,VPBank,970493226566,*566,,,True,True
10000710,c_10000710,Trần Văn Trang,MB Bank,970454883401,*401,,,True,False
10000711,c_10000711,Trần Văn Trinh,VPBank,970434015136,*136,,,True,False
10000712,c_10000712,Trần Văn Trung,Vietcombank,970423969850,*850,,,False,False
10000713,c_10000713,Trần Văn Tú,VietinBank,970423609645,*645,,,False,False
10000714,c_10000714,Trần Văn Tuấn,Vietcombank,970425308930,*930,,,False,False
10000715,c_10000715,Trần Văn Vy,ACB,970461807453,*453,,,True,True
10000716,c_10000716,Trần Văn Yến,VPBank,970417423466,*466,,,True,False
10000717,c_10000717,Trần Thị An,Techcombank,970433187802,*802,,,True,False
10000718,c_10000718,Trần Thị Anh,BIDV,970452371704,*704,,,True,False
10000719,c_10000719,Trần Thị Bảo,ACB,970495808073,*073,,,True,False
10000720,c_10000720,Trần Thị Bình,Vietcombank,970480648490,*490,,,False,True
10000721,c_10000721,Trần Thị Châu,VPBank,970418914116,*116,,,True,False
10000722,c_10000722,Trần Thị Chi,VPBank,970402534196,*196,,,True,False
10000723,c_10000723,Trần Thị Cường,TPBank,970423335377,*377,,,True,False
10000724,c_10000724,Trần Thị Dũng,Techcombank,970478318202,*202,,,True,False
10000725,c_10000725,Trần Thị Duy,VietinBank,970448640935,*935,,,False,False
10000726,c_10000726,Trần Thị Giang,Techcombank,970488640012,*012,,,True,False
10000727,c_10000727,Trần Thị Hà,TPBank,970483614927,*927,,,True,False
10000728,c_10000728,Trần Thị Hạnh,ACB,970407144213,*213,,,True,False
10000729,c_10000729,Trần Thị Hiếu,VietinBank,970450387365,*365,,,False,False
10000730,c_10000730,Trần Thị Hoa,ACB,970411934233,*233,,,True,False
10000731,c_10000731,Trần Thị Huy,VPBank,970493296746,*746,,,True,False
10000732,c_10000732,Trần Thị Hương,BIDV,970488367804,*804,,,True,False
10000733,c_10000733,Trần Thị Khang,Sacombank,970430194268,*268,,,True,False
10000734,c_10000734,Trần Thị Khôi,ACB,970406805413,*413,,,True,False
10000735,c_10000735,Trần Thị Lan,VietinBank,970488608965,*965,,,False,False
10000736,c_10000736,Trần Thị Linh,HDBank,970430308309,*309,,,True,True
10000737,c_10000737,Trần Thị Long,ACB,970487777083,*083,,,True,False
10000738,c_10000738,Trần Thị Mai,ACB,970483884353,*353,,,True,False
10000739,c_10000739,Trần Thị Minh,BIDV,970427380974,*974,,,True,False
10000740,c_10000740,Trần Thị My,Techcombank,970436694652,*652,,,True,False
10000741,c_10000741,Trần Thị Nam,Techcombank,970411937152,*152,,,True,False
10000742,c_10000742,Trần Thị Nga,ACB,970447068893,*893,,,True,False
10000743,c_10000743,Trần Thị Ngân,Techcombank,970412856782,*782,,,True,True
10000744,c_10000744,Trần Thị Nhung,ACB,970489353563,*563,,,True,False
10000745,c_10000745,Trần Thị Phúc,Sacombank,970463704098,*098,,,True,True
10000746,c_10000746,Trần Thị Phương,Sacombank,970476795008,*008,,,True,False
10000747,c_10000747,Trần Thị Quân,TPBank,970410741827,*827,,,True,False
10000748,c_10000748,Trần Thị Quang,HDBank,970482652649,*649,,,True,True
10000749,c_10000749,Trần Thị Sơn,Techcombank,970438297512,*512,,,True,True
10000750,c_10000750,Trần Thị Tâm,Vietcombank,970444813270,*270,,,False,False
10000751,c_10000751,Trần Thị Thảo,Vietcombank,970484907600,*600,,,False,False
10000752,c_10000752,Trần Thị Trang,Sacombank,970400537988,*988,,,True,False
10000753,c_10000753,Trần Thị Trinh,TPBank,970464790377,*377,,,True,False
10000754,c_10000754,Trần Thị Trung,Techcombank,970497755752,*752,,,True,False
10000755,c_10000755,Trần Thị Tú,HDBank,970487254169,*169,,,True,False
10000756,c_10000756,Trần Thị Tuấn,MB Bank,970460263161,*161,,,True,False
10000757,c_10000757,Trần Thị Vy,BIDV,970463076054,*054,,,True,False
10000758,c_10000758,Trần Thị Yến,Sacombank,970426720548,*548,,,True,True
10000759,c_10000759,Trần Minh An,VPBank,970457459416,*416,,,True,False
10000760,c_10000760,Trần Minh Anh,BIDV,970402488384,*384,,,True,False
10000761,c_10000761,Trần Minh Bảo,HDBank,970478959519,*519,,,True,False
10000762,c_10000762,Trần Minh Bình,MB Bank,970431333221,*221,,,True,True
10000763,c_10000763,Trần Minh Châu,Vietcombank,970461872860,*860,,,False,False
10000764,c_10000764,Trần Minh Chi,BIDV,970483205544,*544,,,True,False
10000765,c_10000765,Trần Minh Cường,MB Bank,970434405861,*861,,,True,False
10000766,c_10000766,Trần Minh Dũng,MB Bank,970474046051,*051,,,True,False
10000767,c_10000767,Trần Minh Duy,Vietcombank,970441594780,*780,,,False,False
10000768,c_10000768,Trần Minh Giang,HDBank,970454987599,*599,,,True,False
10000769,c_10000769,Trần Minh Hà,Vietcombank,970474541460,*460,,,False,False
10000770,c_10000770,Trần Minh Hạnh,TPBank,970427460447,*447,,,True,False
10000771,c_10000771,Trần Minh Hiếu,Techcombank,970438225812,*812,,,True,False
10000772,c_10000772,Trần Minh Hoa,VPBank,970465698826,*826,,,True,False
10000773,c_10000773,Trần Minh Huy,Techcombank,970450345512,*512,,,True,False
10000774,c_10000774,Trần Minh Hương,HDBank,970418518969,*969,,,True,False
10000775,c_10000775,Trần Minh Khang,BIDV,970420236634,*634,,,True,False
10000776,c_10000776,Trần Minh Khôi,Sacombank,970466323228,*228,,,True,False
10000777,c_10000777,Trần Minh Lan,Vietcombank,970409284830,*830,,,False,False
10000778,c_10000778,Trần Minh Linh,ACB,970442382323,*323,,,True,False
10000779,c_10000779,Trần Minh Long,Vietcombank,970436042810,*810,,,False,True
10000780,c_10000780,Trần Minh Mai,BIDV,970457583814,*814,,,True,False
10000781,c_10000781,Trần Minh Minh,Sacombank,970484849228,*228,,,True,True
10000782,c_10000782,Trần Minh My,VietinBank,970471343655,*655,,,False,True
10000783,c_10000783,Trần Minh Nam,VietinBank,970469237085,*085,,,False,True
10000784,c_10000784,Trần Minh Nga,Vietcombank,970452670560,*560,,,False,False
10000785,c_10000785,Trần Minh Ngân,TPBank,970477846947,*947,,,True,False
10000786,c_10000786,Trần Minh Nhung,VietinBank,970453440125,*125,,,False,False
10000787,c_10000787,Trần Minh Phúc,VPBank,970430103306,*306,,,True,False
10000788,c_10000788,Trần Minh Phương,Sacombank,970400097528,*528,,,True,False
10000789,c_10000789,Trần Minh Quân,Techcombank,970434717462,*462,,,True,True
10000790,c_10000790,Trần Minh Quang,VPBank,970463822766,*766,,,True,False
10000791,c_10000791,Trần Minh Sơn,HDBank,970404775509,*509,,,True,False
10000792,c_10000792,Trần Minh Tâm,TPBank,970456770207,*207,,,True,False
10000793,c_10000793,Trần Minh Thảo,Sacombank,970419472268,*268,,,True,True
10000794,c_10000794,Trần Minh Trang,MB Bank,970449763281,*281,,,True,False
10000795,c_10000795,Trần Minh Trinh,BIDV,970441836964,*964,,,True,False
10000796,c_10000796,Trần Minh Trung,Techcombank,970461136862,*862,,,True,False
10000797,c_10000797,Trần Minh Tú,BIDV,970487813664,*664,,,True,False
10000798,c_10000798,Trần Minh Tuấn,MB Bank,970495287061,*061,,,True,False
10000799,c_10000799,Trần Minh Vy,Vietcombank,970492000040,*040,,,False,False
10000800,c_10000800,Trần Minh Yến,Sacombank,970496179148,*148,,,True,False
10000801,c_10000801,Trần Hoàng An,Vietcombank,970456110420,*420,,,False,False
10000802,c_10000802,Trần Hoàng Anh,TPBank,970418842307,*307,,,True,True
10000803,c_10000803,Trần Hoàng Bảo,ACB,970435098603,*603,,,True,False
10000804,c_10000804,Trần Hoàng Bình,Techcombank,970455637582,*582,,,True,True
10000805,c_10000805,Trần Hoàng Châu,HDBank,970450151319,*319,,,True,False
10000806,c_10000806,Trần Hoàng Chi,ACB,970462267123,*123,,,True,True
10000807,c_10000807,Trần Hoàng Cường,MB Bank,970462654501,*501,,,True,False
10000808,c_10000808,Trần Hoàng Dũng,Sacombank,970406620708,*708,,,True,False
10000809,c_10000809,Trần Hoàng Duy,VPBank,970415291476,*476,,,True,True
10000810,c_10000810,Trần Hoàng Giang,ACB,970409502213,*213,,,True,True
10000811,c_10000811,Trần Hoàng Hà,Vietcombank,970407874980,*980,,,False,True
10000812,c_10000812,Trần Hoàng Hạnh,Sacombank,970440212298,*298,,,True,False
10000813,c_10000813,Trần Hoàng Hiếu,TPBank,970402828587,*587,,,True,False
10000814,c_10000814,Trần Hoàng Hoa,Sacombank,970420680098,*098,,,True,False
10000815,c_10000815,Trần Hoàng Huy,TPBank,970447306097,*097,,,True,False
10000816,c_10000816,Trần Hoàng Hương,HDBank,970483472039,*039,,,True,True
10000817,c_10000817,Trần Hoàng Khang,VietinBank,970490784855,*855,,,False,False
10000818,c_10000818,Trần Hoàng Khôi,ACB,970419800823,*823,,,True,False
10000819,c_10000819,Trần Hoàng Lan,MB Bank,970416257411,*411,,,True,False
10000820,c_10000820,Trần Hoàng Linh,Techcombank,970434900842,*842,,,True,True
10000821,c_10000821,Trần Hoàng Long,BIDV,970496105154,*154,,,True,True
10000822,c_10000822,Trần Hoàng Mai,Sacombank,970408468408,*408,,,True,False
10000823,c_10000823,Trần Hoàng My,BIDV,970471346504,*504,,,True,False
10000824,c_10000824,Trần Hoàng Nam,Techcombank,970481207162,*162,,,True,False
10000825,c_10000825,Trần Hoàng Nga,HDBank,970452559469,*469,,,True,False
10000826,c_10000826,Trần Hoàng Ngân,HDBank,970406015629,*629,,,True,False
10000827,c_10000827,Trần Hoàng Nhung,VPBank,970445251066,*066,,,True,True
10000828,c_10000828,Trần Hoàng Phúc,Vietcombank,970414465750,*750,,,False,False
10000829,c_10000829,Trần Hoàng Phương,VPBank,970427315756,*756,,,True,True
10000830,c_10000830,Trần Hoàng Quân,TPBank,970467466017,*017,,,True,False
10000831,c_10000831,Trần Hoàng Quang,VietinBank,970459270795,*795,,,False,False
10000832,c_10000832,Trần Hoàng Sơn,VietinBank,970433778185,*185,,,False,False
10000833,c_10000833,Trần Hoàng Tâm,MB Bank,970425364431,*431,,,True,True
10000834,c_10000834,Trần Hoàng Thảo,MB Bank,970443765001,*001,,,True,False
10000835,c_10000835,Trần Hoàng Trang,TPBank,970465326337,*337,,,True,False
10000836,c_10000836,Trần Hoàng Trinh,Vietcombank,970434706110,*110,,,False,False
10000837,c_10000837,Trần Hoàng Trung,Vietcombank,970458629920,*920,,,False,False
10000838,c_10000838,Trần Hoàng Tú,HDBank,970404587199,*199,,,True,False
10000839,c_10000839,Trần Hoàng Tuấn,TPBank,970418475187,*187,,,True,True
10000840,c_10000840,Trần Hoàng Vy,Techcombank,970495211832,*832,,,True,False
10000841,c_10000841,Trần Hoàng Yến,Vietcombank,970448901910,*910,,,False,False
10000842,c_10000842,Trần Ngọc An,Vietcombank,970431328340,*340,,,False,False
10000843,c_10000843,Trần Ngọc Anh,TPBank,970417341777,*777,,,True,True
10000844,c_10000844,Trần Ngọc Bảo,Vietcombank,970432068460,*460,,,False,False
10000845,c_10000845,Trần Ngọc Bình,TPBank,970439239607,*607,,,True,False
10000846,c_10000846,Trần Ngọc Châu,Vietcombank,970419682670,*670,,,False,False
10000847,c_10000847,Trần Ngọc Chi,VietinBank,970479264215,*215,,,False,False
10000848,c_10000848,Trần Ngọc Cường,TPBank,970420145257,*257,,,True,True
10000849,c_10000849,Trần Ngọc Dũng,VietinBank,970457571515,*515,,,False,False
10000850,c_10000850,Trần Ngọc Duy,Sacombank,970489339908,*908,,,True,False
10000851,c_10000851,Trần Ngọc Giang,VietinBank,970406734285,*285,,,False,False
10000852,c_10000852,Trần Ngọc Hà,MB Bank,970440627351,*351,,,True,False
10000853,c_10000853,Trần Ngọc Hạnh,Sacombank,970458978528,*528,,,True,False
10000854,c_10000854,Trần Ngọc Hiếu,VietinBank,970406156855,*855,,,False,False
10000855,c_10000855,Trần Ngọc Hoa,VPBank,970471574866,*866,,,True,False
10000856,c_10000856,Trần Ngọc Huy,BIDV,970469106324,*324,,,True,True
10000857,c_10000857,Trần Ngọc Hương,HDBank,970452042989,*989,,,True,False
10000858,c_10000858,Trần Ngọc Khang,VPBank,970424807766,*766,,,True,True
10000859,c_10000859,Trần Ngọc Khôi,Vietcombank,970403709490,*490,,,False,False
10000860,c_10000860,Trần Ngọc Lan,Sacombank,970475909168,*168,,,True,True
10000861,c_10000861,Trần Ngọc Linh,Techcombank,970456044282,*282,,,True,False
10000862,c_10000862,Trần Ngọc Long,VietinBank,970451901675,*675,,,False,False
10000863,c_10000863,Trần Ngọc Mai,VPBank,970463146096,*096,,,True,False
10000864,c_10000864,Trần Ngọc Minh,Techcombank,970470659542,*542,,,True,False
10000865,c_10000865,Trần Ngọc My,Vietcombank,970479396040,*040,,,False,False
10000866,c_10000866,Trần Ngọc Nam,VPBank,970443134496,*496,,,True,False
10000867,c_10000867,Trần Ngọc Nga,Techcombank,970470011612,*612,,,True,True
10000868,c_10000868,Trần Ngọc Ngân,TPBank,970466739967,*967,,,True,False
10000869,c_10000869,Trần Ngọc Nhung,BIDV,970473013304,*304,,,True,False
10000870,c_10000870,Trần Ngọc Phúc,Sacombank,970414449778,*778,,,True,False
10000871,c_10000871,Trần Ngọc Phương,VPBank,970498338116,*116,,,True,True
10000872,c_10000872,Trần Ngọc Quân,Sacombank,970410636408,*408,,,True,True
10000873,c_10000873,Trần Ngọc Quang,BIDV,970481005384,*384,,,True,False
10000874,c_10000874,Trần Ngọc Sơn,Techcombank,970408653512,*512,,,True,False
10000875,c_10000875,Trần Ngọc Tâm,VPBank,970461791006,*006,,,True,False
10000876,c_10000876,Trần Ngọc Thảo,TPBank,970491730237,*237,,,True,False
10000877,c_10000877,Trần Ngọc Trang,MB Bank,970413576711,*711,,,True,True
10000878,c_10000878,Trần Ngọc Trinh,ACB,970446249513,*513,,,True,False
10000879,c_10000879,Trần Ngọc Trung,Vietcombank,970477831060,*060,,,False,False
10000880,c_10000880,Trần Ngọc Tú,HDBank,970422384549,*549,,,True,True
10000881,c_10000881,Trần Ngọc Tuấn,HDBank,970499172379,*379,,,True,False
10000882,c_10000882,Trần Ngọc Vy,ACB,970467082373,*373,,,True,False
10000883,c_10000883,Trần Ngọc Yến,TPBank,970441794877,*877,,,True,False
10000884,c_10000884,Trần Thanh An,Vietcombank,970423303430,*430,,,False,False
10000885,c_10000885,Trần Thanh Anh,Vietcombank,970493156220,*220,,,False,False
10000886,c_10000886,Trần Thanh Bảo,BIDV,970479910384,*384,,,True,False
10000887,c_10000887,Trần Thanh Bình,Vietcombank,970425963370,*370,,,False,False
10000888,c_10000888,Trần Thanh Châu,MB Bank,970468595891,*891,,,True,False
10000889,c_10000889,Trần Thanh Chi,Vietcombank,970489877070,*070,,,False,False
10000890,c_10000890,Trần Thanh Cường,MB Bank,970484453581,*581,,,True,False
10000891,c_10000891,Trần Thanh Dũng,BIDV,970487176694,*694,,,True,False
10000892,c_10000892,Trần Thanh Duy,TPBank,970498535067,*067,,,True,False
10000893,c_10000893,Trần Thanh Giang,Sacombank,970424790378,*378,,,True,False
10000894,c_10000894,Trần Thanh Hà,VPBank,970439471776,*776,,,True,True
10000895,c_10000895,Trần Thanh Hạnh,ACB,970466999483,*483,,,True,False
10000896,c_10000896,Trần Thanh Hiếu,MB Bank,970486386101,*101,,,True,False
10000897,c_10000897,Trần Thanh Hoa,TPBank,970424340577,*577,,,True,False
10000898,c_10000898,Trần Thanh Huy,MB Bank,970458242861,*861,,,True,True
10000899,c_10000899,Trần Thanh Hương,Sacombank,970458116838,*838,,,True,False
10000900,c_10000900,Trần Thanh Khang,VietinBank,970425820505,*505,,,False,False
10000901,c_10000901,Trần Thanh Khôi,Techcombank,970414920672,*672,,,True,False
10000902,c_10000902,Trần Thanh Lan,Sacombank,970449695758,*758,,,True,False
10000903,c_10000903,Trần Thanh Linh,Sacombank,970457152058,*058,,,True,True
10000904,c_10000904,Trần Thanh Long,Sacombank,970474914058,*058,,,True,False
10000905,c_10000905,Trần Thanh Mai,Sacombank,970400636898,*898,,,True,True
10000906,c_10000906,Trần Thanh Minh,VPBank,970406305906,*906,,,True,False
10000907,c_10000907,Trần Thanh My,TPBank,970453696767,*767,,,True,True
10000908,c_10000908,Trần Thanh Nam,VPBank,970434887866,*866,,,True,True
10000909,c_10000909,Trần Thanh Nga,Sacombank,970455026098,*098,,,True,False
10000910,c_10000910,Trần Thanh Ngân,Vietcombank,970453422120,*120,,,False,True
10000911,c_10000911,Trần Thanh Nhung,ACB,970450980263,*263,,,True,False
10000912,c_10000912,Trần Thanh Phúc,HDBank,970454370479,*479,,,True,False
10000913,c_10000913,Trần Thanh Phương,HDBank,970435028439,*439,,,True,False
10000914,c_10000914,Trần Thanh Quân,Vietcombank,970403576620,*620,,,False,False
10000915,c_10000915,Trần Thanh Quang,VPBank,970456207076,*076,,,True,False
10000916,c_10000916,Trần Thanh Sơn,Vietcombank,970485455380,*380,,,False,True
10000917,c_10000917,Trần Thanh Tâm,ACB,970490927763,*763,,,True,False
10000918,c_10000918,Trần Thanh Thảo,ACB,970421752613,*613,,,True,False
10000919,c_10000919,Trần Thanh Trang,TPBank,970454907207,*207,,,True,True
10000920,c_10000920,Trần Thanh Trinh,Vietcombank,970423370890,*890,,,False,True
10000921,c_10000921,Trần Thanh Trung,Techcombank,970439752302,*302,,,True,False
10000922,c_10000922,Trần Thanh Tú,HDBank,970419303179,*179,,,True,False
10000923,c_10000923,Trần Thanh Tuấn,Techcombank,970478118762,*762,,,True,True
10000924,c_10000924,Trần Thanh Vy,VPBank,970465585876,*876,,,True,False
10000925,c_10000925,Trần Thanh Yến,BIDV,970436362944,*944,,,True,False
10000926,c_10000926,Trần Quang An,ACB,970419965343,*343,,,True,False
10000927,c_10000927,Trần Quang Anh,TPBank,970493505577,*577,,,True,True
10000928,c_10000928,Trần Quang Bảo,Sacombank,970408440368,*368,,,True,False
10000929,c_10000929,Trần Quang Bình,Sacombank,970425684208,*208,,,True,False
10000930,c_10000930,Trần Quang Châu,TPBank,970467433277,*277,,,True,True
10000931,c_10000931,Trần Quang Chi,MB Bank,970408586331,*331,,,True,True
10000932,c_10000932,Trần Quang Cường,MB Bank,970421418561,*561,,,True,True
10000933,c_10000933,Trần Quang Dũng,VietinBank,970419657615,*615,,,False,True
10000934,c_10000934,Trần Quang Duy,ACB,970406858963,*963,,,True,True
10000935,c_10000935,Trần Quang Giang,VietinBank,970470807945,*945,,,False,False
10000936,c_10000936,Trần Quang Hà,TPBank,970433744027,*027,,,True,False
10000937,c_10000937,Trần Quang Hạnh,VPBank,970467534606,*606,,,True,False
10000938,c_10000938,Trần Quang Hiếu,HDBank,970427903849,*849,,,True,False
10000939,c_10000939,Trần Quang Hoa,HDBank,970484114769,*769,,,True,False
10000940,c_10000940,Trần Quang Huy,Techcombank,970473867752,*752,,,True,False
10000941,c_10000941,Trần Quang Hương,MB Bank,970402406521,*521,,,True,True
10000942,c_10000942,Trần Quang Khang,TPBank,970431575747,*747,,,True,False
10000943,c_10000943,Trần Quang Khôi,VPBank,970482798106,*106,,,True,False
10000944,c_10000944,Trần Quang Lan,Techcombank,970405493332,*332,,,True,False
10000945,c_10000945,Trần Quang Linh,VietinBank,970472402715,*715,,,False,False
10000946,c_10000946,Trần Quang Long,HDBank,970494715879,*879,,,True,False
10000947,c_10000947,Trần Quang Mai,VPBank,970448258016,*016,,,True,False
10000948,c_10000948,Trần Quang Minh,BIDV,970415166054,*054,,,True,False
10000949,c_10000949,Trần Quang My,Sacombank,970410484588,*588,,,True,False
10000950,c_10000950,Trần Quang Nam,ACB,970406646943,*943,,,True,False
10000951,c_10000951,Trần Quang Nga,VPBank,970449552116,*116,,,True,False
10000952,c_10000952,Trần Quang Ngân,BIDV,970466515024,*024,,,True,False
10000953,c_10000953,Trần Quang Nhung,HDBank,970481725689,*689,,,True,False
10000954,c_10000954,Trần Quang Phúc,Vietcombank,970403464190,*190,,,False,False
10000955,c_10000955,Trần Quang Phương,VietinBank,970428155515,*515,,,False,True
10000956,c_10000956,Trần Quang Quân,BIDV,970452851514,*514,,,True,False
10000957,c_10000957,Trần Quang Quang,VPBank,970486551606,*606,,,True,False
10000958,c_10000958,Trần Quang Sơn,BIDV,970444894764,*764,,,True,False
10000959,c_10000959,Trần Quang Tâm,Sacombank,970407095258,*258,,,True,False
10000960,c_10000960,Trần Quang Thảo,HDBank,970408142469,*469,,,True,False
10000961,c_10000961,Trần Quang Trang,Vietcombank,970413624560,*560,,,False,False
10000962,c_10000962,Trần Quang Trinh,HDBank,970488246499,*499,,,True,False
10000963,c_10000963,Trần Quang Trung,VietinBank,970492191275,*275,,,False,False
10000964,c_10000964,Trần Quang Tú,MB Bank,970493243741,*741,,,True,False
10000965,c_10000965,Trần Quang Tuấn,Techcombank,970456146052,*052,,,True,False
10000966,c_10000966,Trần Quang Vy,Vietcombank,970423601270,*270,,,False,False
10000967,c_10000967,Trần Quang Yến,Vietcombank,970475402440,*440,,,False,False
10000968,c_10000968,Trần Gia An,BIDV,970465718934,*934,,,True,False
10000969,c_10000969,Trần Gia Anh,Sacombank,970469761508,*508,,,True,False
10000970,c_10000970,Trần Gia Bảo,VietinBank,970440277285,*285,,,False,False
10000971,c_10000971,Trần Gia Bình,MB Bank,970445921251,*251,,,True,False
10000972,c_10000972,Trần Gia Châu,Techcombank,970430664732,*732,,,True,False
10000973,c_10000973,Trần Gia Chi,HDBank,970448013909,*909,,,True,True
10000974,c_10000974,Trần Gia Cường,MB Bank,970497299121,*121,,,True,False
10000975,c_10000975,Trần Gia Dũng,Techcombank,970410978472,*472,,,True,True
10000976,c_10000976,Trần Gia Duy,Vietcombank,970474160600,*600,,,False,False
10000977,c_10000977,Trần Gia Giang,ACB,970400372653,*653,,,True,False
10000978,c_10000978,Trần Gia Hà,VietinBank,970423955345,*345,,,False,False
10000979,c_10000979,Trần Gia Hạnh,VietinBank,970482981855,*855,,,False,False
10000980,c_10000980,Trần Gia Hiếu,Vietcombank,970481187690,*690,,,False,False
10000981,c_10000981,Trần Gia Hoa,HDBank,970481739419,*419,,,True,False
10000982,c_10000982,Trần Gia Huy,Vietcombank,970469620390,*390,,,False,False
10000983,c_10000983,Trần Gia Hương,VPBank,970451127056,*056,,,True,False
10000984,c_10000984,Trần Gia Khang,ACB,970420907023,*023,,,True,False
10000985,c_10000985,Trần Gia Khôi,Sacombank,970433274268,*268,,,True,False
10000986,c_10000986,Trần Gia Lan,VPBank,970498083826,*826,,,True,False
10000987,c_10000987,Trần Gia Linh,VPBank,970416614626,*626,,,True,True
10000988,c_10000988,Trần Gia Long,BIDV,970437887794,*794,,,True,False
10000989,c_10000989,Trần Gia Mai,Vietcombank,970486504100,*100,,,False,False
10000990,c_10000990,Trần Gia Minh,BIDV,970439679744,*744,,,True,False
10000991,c_10000991,Trần Gia My,BIDV,970479989224,*224,,,True,False
10000992,c_10000992,Trần Gia Nam,Techcombank,970495213122,*122,,,True,True
10000993,c_10000993,Trần Gia Nga,Techcombank,970438752892,*892,,,True,False
10000994,c_10000994,Trần Gia Ngân,HDBank,970417515949,*949,,,True,True
10000995,c_10000995,Trần Gia Nhung,ACB,970466577623,*623,,,True,False
10000996,c_10000996,Trần Gia Phúc,VPBank,970497818726,*726,,,True,True
10000997,c_10000997,Trần Gia Phương,HDBank,970473845819,*819,,,True,True
10000998,c_10000998,Trần Gia Quân,MB Bank,970498743191,*191,,,True,False
10000999,c_10000999,Trần Gia Quang,VPBank,970477488056,*056,,,True,True
